serial,lot,wafer,x,y,Iddq_uA_0h,Iddq_uA_24h,Iddq_uA_96h,Iddq_uA_168h,Ileak_nA_0h,Ileak_nA_24h,Ileak_nA_96h,Ileak_nA_168h,Tpd_ns_0h,Tpd_ns_24h,Tpd_ns_96h,Tpd_ns_168h,Vol_mV_0h,Vol_mV_24h,Vol_mV_96h,Vol_mV_168h
L04-0001,L04,W01,1,23,10.2762,10.2629,10.666,10.1222,40.9583,41.5311,42.6897,42.3336,3.8966,3.8451,3.8763,4.0174,232.3908,234.3342,234.2653,223.259
L04-0002,L04,W01,31,38,18.2823,18.9051,18.5818,19.6359,21.8303,21.4156,22.3314,23.015,3.9014,3.8945,3.9314,3.9917,244.9652,245.1092,249.0533,245.725
L04-0003,L04,W05,9,38,8.3576,8.4921,9.1548,9.436,19.1537,21.0938,29.8758,39.123,3.7693,3.86,3.9169,3.9618,253.2312,258.573,258.1333,271.6546
L04-0004,L04,W02,33,32,13.4309,13.9497,14.4411,14.0645,19.6725,19.7506,19.345,19.206,3.9817,3.9516,3.9848,4.012,268.3905,265.808,269.6307,261.8669
L04-0005,L04,W02,7,56,9.6826,9.6852,9.5831,9.922,22.9873,25.9118,34.2648,41.9596,4.0442,4.1049,4.0827,4.1339,266.929,270.249,290.0098,308.5214
L04-0006,L04,W03,14,34,15.001,14.502,15.0592,15.5655,38.9848,38.6332,39.0314,39.8364,3.8045,3.7838,3.8461,3.8828,260.4736,255.2644,264.9145,264.4183
L04-0007,L04,W03,44,25,10.9533,10.9253,10.7094,11.173,36.981,37.7558,38.7355,39.0163,3.8856,3.8778,4.0585,3.9314,270.6528,267.8606,273.7883,278.5079
L04-0008,L04,W01,18,27,14.6,14.9113,14.7659,15.4356,21.4981,21.7408,22.0589,21.9074,4.134,4.0457,4.1275,4.3139,272.4348,276.5658,270.0062,275.6154
L04-0009,L04,W01,24,11,11.1109,12.3683,17.9647,27.8781,34.4896,42.8317,79.8596,123.5426,3.5441,3.6388,4.0626,4.6771,268.1196,268.0305,298.042,340.8646
L04-0010,L04,W03,30,11,9.5842,9.4671,9.6751,9.6994,61.2083,61.6224,,63.0725,4.0445,3.8985,3.9992,3.9753,284.7877,288.8417,288.3842,286.6024
L04-0011,L04,W05,17,43,16.3925,16.7801,16.7776,16.6935,46.9496,47.5843,63.8966,84.2586,3.6611,3.7248,3.8973,4.1602,270.9426,283.8546,275.8122,278.3282
L04-0012,L04,W01,10,29,15.3237,15.5288,15.2039,14.9203,13.5866,13.8137,14.1133,13.7635,3.7521,3.8285,3.8244,3.7169,249.8896,258.915,243.2355,248.4025
L04-0013,L04,W02,47,48,10.8646,10.9849,10.9161,10.7948,18.1323,18.2052,18.1946,18.4494,3.9018,3.8759,3.8631,3.9295,260.2434,262.8902,267.5553,265.5658
L04-0014,L04,W02,37,54,8.466,8.6118,8.8151,9.0083,19.8299,20.1956,20.3706,20.5699,3.7875,3.7565,3.8083,3.7518,287.0321,287.3974,282.4839,282.425
L04-0015,L04,W05,33,7,13.3859,13.6161,14.1502,14.1934,15.4361,15.4073,15.3936,15.1329,4.0392,4.0462,4.0231,4.1233,258.4726,257.0282,255.0138,264.5751
L04-0016,L04,W01,34,49,13.5935,13.9818,14.088,14.1857,13.1482,13.5012,12.9844,13.0731,3.7331,3.7646,3.8059,3.7359,256.0717,259.7499,257.5558,260.7788
L04-0017,L04,W01,4,44,6.653,6.6884,6.8581,6.7916,23.7884,23.9113,24.4125,24.1487,3.7863,3.836,3.8328,3.8563,287.7603,282.4267,275.8581,279.6095
L04-0018,L04,W04,38,46,7.5132,7.7149,7.8182,7.8014,15.0696,15.4143,15.4894,16.071,4.0188,4.0924,4.0,4.157,274.4759,279.1575,265.7065,279.8951
L04-0019,L04,W02,44,22,12.636,12.4945,12.6384,12.8107,34.9823,34.7011,33.6337,33.8628,3.9658,3.9361,3.9568,3.9587,252.5846,257.1781,259.4194,253.0515
L04-0020,L04,W04,54,28,11.8477,12.3109,12.0164,12.1843,29.1613,31.3681,30.9146,30.6525,3.9544,3.9336,3.9473,4.043,280.9841,281.5784,277.173,285.8189
L04-0021,L04,W05,55,30,15.4061,16.5161,19.4775,22.5366,23.3333,23.2372,23.9166,22.9071,3.9836,3.9122,4.0514,4.1898,258.0536,260.1655,266.8956,258.5618
L04-0022,L04,W02,11,48,15.6703,15.8718,16.3843,16.4122,27.3404,28.1991,27.2876,28.5301,3.84,3.7637,3.9055,3.858,221.1758,226.6954,222.8535,218.6261
L04-0023,L04,W05,56,16,20.7546,20.6087,20.6011,20.9251,20.4416,21.348,21.8351,21.6433,3.9436,4.0846,4.0905,4.1686,275.5976,269.7688,269.9917,278.1154
L04-0024,L04,W04,6,55,17.1469,17.6832,18.5143,18.6562,28.1913,27.9893,28.8547,29.1218,3.7864,3.7403,3.8703,3.8984,273.5121,271.7439,276.1699,263.9019
L04-0025,L04,W01,48,46,20.0546,20.3425,21.0298,20.8658,35.3941,35.8013,36.9507,37.4824,3.7433,3.6461,3.7498,3.7483,246.6203,256.8069,257.957,256.2372
L04-0026,L04,W04,18,31,16.3886,16.1911,16.2041,16.3828,49.7506,52.8097,51.8503,52.5784,3.7625,3.7151,3.7175,3.8164,245.5861,257.5344,254.4607,252.9887
L04-0027,L04,W02,11,0,9.6702,10.0027,10.8105,11.0671,19.9992,20.0195,20.8005,20.5024,3.5799,3.6473,3.7086,3.8198,251.1741,255.1859,251.2523,257.5431
L04-0028,L04,W05,51,28,12.5806,13.4708,13.8161,13.6058,35.0797,35.994,37.9472,37.5197,3.9288,4.0171,3.9594,3.9912,240.3413,243.4031,246.6329,237.735
L04-0029,L04,W05,21,34,9.4423,9.8817,10.062,10.3294,19.1658,19.0258,19.2045,19.3839,4.1208,4.057,4.0885,3.93,237.2352,237.479,235.0512,244.4734
L04-0030,L04,W03,28,49,9.4955,9.417,9.4393,9.5376,18.2754,19.0241,19.2688,19.1233,3.9805,4.1006,3.9871,4.0189,284.3905,290.4359,290.1467,284.3124
L04-0031,L04,W04,39,39,15.0445,14.9141,15.2531,15.5184,39.426,39.2811,39.8508,38.6225,3.8303,3.7868,3.8084,3.8036,239.4791,251.6288,243.0066,248.2089
L04-0032,L04,W05,45,38,11.2369,10.9999,11.5658,11.5474,14.1119,14.2548,14.6973,14.7243,3.7253,3.8035,3.8177,3.9025,274.2155,277.8812,275.346,275.7203
L04-0033,L04,W04,6,51,15.3671,15.9595,15.8142,16.4184,19.6053,20.439,20.3343,20.8365,3.9225,4.1642,3.937,3.8337,237.9265,240.7406,245.7187,236.919
L04-0034,L04,W05,33,46,14.8159,15.098,15.2336,15.2682,25.9456,26.0513,26.0603,27.6777,4.0362,4.0475,3.9828,4.0691,242.2914,241.7831,245.3033,247.6881
L04-0035,L04,W04,1,13,20.527,20.8235,21.277,21.0827,21.5295,21.2478,22.1228,21.8994,3.8089,3.8771,3.885,3.9379,261.2958,262.6386,263.3626,261.678
L04-0036,L04,W01,50,38,13.6289,13.7602,14.0914,14.092,17.8861,17.7102,18.5299,18.7656,3.8108,3.7273,3.8574,3.8585,267.5267,273.1932,273.905,276.8494
L04-0037,L04,W02,23,25,10.4634,10.4571,10.6758,10.5276,76.4332,74.4992,76.6223,75.6495,3.659,3.7472,3.9619,3.9421,237.8158,241.011,236.5427,242.4311
L04-0038,L04,W01,18,8,11.0333,11.1589,11.6044,11.4585,16.6509,16.1061,16.0538,16.1659,4.027,4.0505,,4.0034,291.5213,289.8891,294.266,293.8941
L04-0039,L04,W03,3,21,13.9613,14.3153,14.0349,14.2386,16.4247,16.3678,16.0901,17.0738,3.8595,3.8538,3.9457,3.8503,257.9635,259.7719,257.6263,261.4899
L04-0040,L04,W01,39,18,12.7805,13.0738,13.1449,13.4171,25.8763,26.9953,27.36,26.8456,3.968,4.0427,3.9835,3.9378,251.6777,251.9198,251.8483,254.9259
L04-0041,L04,W04,1,12,9.5717,9.4649,9.471,9.8511,17.7149,18.6944,18.824,18.7609,3.9072,3.9483,3.8915,3.9331,265.7499,270.5022,278.3861,264.7276
L04-0042,L04,W02,10,15,18.5023,18.6418,19.2335,19.8485,29.2587,30.2022,31.2238,31.8191,3.78,3.78,3.805,3.9481,272.7667,278.7313,280.3928,281.5318
L04-0043,L04,W04,53,5,9.6173,11.8823,27.1903,52.6407,19.6707,21.5995,39.5876,72.2902,4.1388,4.1863,5.0008,6.2084,242.6828,250.5835,290.4513,379.0584
L04-0044,L04,W05,18,53,13.1551,14.6158,15.7396,16.1557,50.3306,52.5632,54.7972,55.7187,3.7962,3.7371,3.7908,3.7205,237.1239,244.7087,250.9548,251.9477
L04-0045,L04,W02,58,41,11.3455,11.2685,11.6548,11.7832,19.8154,20.5067,19.8101,20.8695,3.8684,3.8484,4.0671,4.0418,257.3744,260.5177,262.9343,273.8873
L04-0046,L04,W02,15,0,17.946,19.0214,18.8324,19.6325,17.865,18.0592,18.751,17.946,4.1015,4.2317,4.0397,4.0469,274.8054,280.8973,284.0237,279.0734
L04-0047,L04,W05,24,51,13.25,13.2975,13.2793,13.3498,25.1318,25.4075,24.5345,25.3904,3.9754,3.9148,4.1165,3.9594,267.2788,256.5385,256.5557,259.9162
L04-0048,L04,W04,30,50,12.0723,11.9706,12.5951,12.7327,27.5417,28.3733,31.3541,30.6952,4.0231,3.9583,3.9604,4.1158,290.3576,293.1747,288.089,299.5086
L04-0049,L04,W01,10,59,7.7226,7.7454,7.6513,7.8195,40.1129,40.2586,39.3359,40.9419,3.9129,4.0121,3.9134,4.0432,249.8559,256.0898,259.6063,256.4908
L04-0050,L04,W02,37,53,12.7778,12.5709,13.1885,13.3802,22.9538,23.6729,24.0336,25.3248,3.756,3.9285,3.8879,3.992,258.9975,259.9118,258.4274,255.1245
L04-0051,L04,W01,3,54,16.0681,16.2953,16.0818,16.3186,40.4901,39.0319,40.0335,40.2841,3.8143,3.79,3.9452,3.8827,270.9227,274.9488,272.5947,273.8865
L04-0052,L04,W04,7,25,12.5089,12.3313,12.4846,12.4878,12.2445,12.3788,12.4009,12.4518,3.9025,3.9076,3.8657,3.7937,242.0624,247.0108,241.9014,242.9112
L04-0053,L04,W02,52,42,10.8917,10.8329,11.2916,11.9217,53.1098,52.7573,53.2912,53.9949,3.646,3.5157,3.6407,3.5932,272.0023,271.6601,265.7882,267.3072
L04-0054,L04,W02,56,31,14.6556,15.394,15.4518,15.5526,28.9678,30.9643,33.1891,35.7999,3.9581,3.991,4.0738,4.0907,247.1406,250.0695,242.9093,248.1993
L04-0055,L04,W03,52,3,11.9464,15.0169,28.9386,43.6827,22.8983,30.773,59.897,92.8509,3.9051,4.1414,4.8297,5.6425,274.3604,291.9661,349.5464,401.7713
L04-0056,L04,W01,14,3,11.1159,12.0406,12.7867,13.8628,24.7588,25.8495,27.2548,28.7609,3.7867,3.7983,3.8583,3.7191,253.2586,249.2298,241.6224,243.0139
L04-0057,L04,W05,13,15,8.8753,9.096,9.2019,9.4344,20.5503,21.3578,21.3116,21.0958,3.8151,3.9081,3.9094,3.9133,243.2309,245.1133,249.4256,253.0764
L04-0058,L04,W02,28,0,11.5468,11.5132,11.7883,11.6083,17.6072,18.0646,18.5162,18.7624,3.9164,3.9031,3.8501,3.9034,247.3031,256.3944,249.9164,253.7172
L04-0059,L04,W03,6,17,5.684,5.8638,6.3496,6.871,27.4565,27.7381,30.7277,32.4404,3.9857,3.9597,3.8908,3.9133,259.4113,258.8641,268.8634,258.3312
L04-0060,L04,W03,49,16,11.5829,11.9155,11.8621,11.3975,25.0571,25.5394,25.4705,26.3574,3.9355,3.9324,3.8643,3.9603,263.2543,262.8033,263.0124,267.7959
