serial,lot,wafer,x,y,Iddq_uA_0h,Iddq_uA_24h,Ileak_nA_0h,Ileak_nA_24h,Tpd_ns_0h,Tpd_ns_24h,Vol_mV_0h,Vol_mV_24h
L03-0001,L03,W04,40,50,9.0996,8.9144,20.4023,20.8593,3.1486,3.1428,195.6691,199.4717
L03-0002,L03,W04,22,26,10.9313,11.6664,21.3694,21.4033,3.2218,3.2467,196.5208,198.1969
L03-0003,L03,W04,24,4,11.7259,12.078,26.958,27.1807,3.2756,3.4321,200.323,196.163
L03-0004,L03,W01,36,36,10.8296,11.0017,21.4711,21.846,3.2041,3.1938,190.771,204.9963
L03-0005,L03,W02,19,55,12.7916,13.0477,14.542,14.2276,3.0987,3.166,206.611,196.2229
L03-0006,L03,W04,52,59,13.3189,14.089,24.4602,24.8522,3.1947,3.1937,198.2274,207.9437
L03-0007,L03,W02,56,8,9.3497,9.592,23.9207,25.2819,3.219,3.2063,202.5434,202.1836
L03-0008,L03,W04,7,0,10.6506,11.0203,18.0217,18.2917,3.2095,3.3787,214.9207,211.5832
L03-0009,L03,W01,46,3,9.1792,9.1969,20.275,20.2199,3.2884,3.2657,200.9045,202.0442
L03-0010,L03,W03,48,14,12.7639,13.2276,19.4914,19.8528,3.4336,3.3752,223.7672,228.0711
L03-0011,L03,W02,56,16,8.5224,8.7349,21.4808,22.8149,3.277,3.2456,201.7799,195.3352
L03-0012,L03,W04,19,28,9.6319,9.8236,15.2014,15.2221,3.1542,3.0951,204.8626,211.1224
L03-0013,L03,W01,51,48,9.7922,9.6179,19.3485,20.1055,3.2269,3.2558,209.7059,204.9189
L03-0014,L03,W02,27,46,9.4438,9.5107,16.7542,16.2197,3.0632,3.1114,201.9269,201.6026
L03-0015,L03,W02,23,1,8.2204,8.1222,21.5262,21.1587,3.3332,3.2445,205.9079,211.7345
L03-0016,L03,W01,17,21,11.6387,11.6383,16.6171,16.4612,3.2108,3.3101,204.2514,204.3303
L03-0017,L03,W02,9,36,8.633,9.0112,31.5043,31.5138,3.3889,3.2963,217.8947,222.9295
L03-0018,L03,W03,41,40,11.8542,12.6934,21.5367,21.4153,3.1885,3.2132,212.4665,212.6483
L03-0019,L03,W02,8,42,10.9154,12.0286,21.8171,21.7818,3.1681,3.1516,212.5554,215.8632
L03-0020,L03,W04,11,38,9.5958,10.0977,23.8802,25.4746,3.1598,3.1917,201.8176,203.8508
L03-0021,L03,W02,39,15,8.9662,9.1661,15.3137,16.1329,3.2532,3.2304,209.8518,209.0515
L03-0022,L03,W05,5,31,10.3212,10.0935,21.0952,21.7985,3.1438,3.2092,202.0143,206.7985
L03-0023,L03,W01,0,35,10.7779,10.6377,16.5968,17.0082,3.3611,3.3946,209.0016,220.1602
L03-0024,L03,W05,24,23,12.7048,12.4627,22.6914,24.712,3.1947,3.1756,197.1726,202.6387
L03-0025,L03,W01,0,10,7.8807,8.1839,17.502,16.9011,3.3335,3.307,226.4502,233.6331
L03-0026,L03,W05,22,35,9.7043,9.9981,17.5414,17.3135,3.2174,3.2474,211.5307,215.5334
L03-0027,L03,W01,58,17,8.0417,8.6954,15.2579,15.8288,3.009,3.0812,214.9395,212.9506
L03-0028,L03,W04,18,26,13.1361,12.7213,25.8656,27.1687,3.2032,3.1979,203.1024,206.75
L03-0029,L03,W05,6,23,8.7808,8.7822,29.1063,29.683,3.1795,3.1924,218.2611,214.6984
L03-0030,L03,W04,54,40,10.833,11.2297,28.8725,29.5113,3.1922,3.1328,196.3304,198.593
L03-0031,L03,W01,41,31,7.6084,7.7738,21.0445,20.2679,3.1706,3.1885,211.7166,207.6218
L03-0032,L03,W04,26,2,10.1629,10.2582,29.6113,30.8228,3.4637,3.4347,217.7844,212.739
L03-0033,L03,W01,7,37,10.5902,10.5408,21.0527,21.2411,3.272,3.19,210.4891,213.6894
L03-0034,L03,W01,22,57,9.6648,10.0971,26.5076,27.6523,3.2916,3.3899,209.8674,211.3168
L03-0035,L03,W03,1,25,12.3494,12.652,34.1867,33.3928,3.142,3.1536,211.0849,211.6542
L03-0036,L03,W03,48,26,8.4352,8.5334,29.7183,30.7508,3.2681,3.0784,205.0337,206.9332
L03-0037,L03,W02,42,55,7.0948,7.0786,17.0212,17.545,3.1972,3.2851,210.3336,208.3118
L03-0038,L03,W01,54,5,7.3713,7.2559,24.7033,26.1681,3.3077,3.2599,193.2853,196.7361
L03-0039,L03,W04,32,25,7.533,7.8058,20.8268,21.3226,3.0068,3.0243,212.3584,205.5243
L03-0040,L03,W03,35,21,8.4876,8.3883,22.9477,22.6346,3.1439,3.1431,201.1761,193.2311
L03-0041,L03,W01,55,2,11.1024,11.1132,14.3943,14.5233,3.1492,3.2347,214.2097,208.0394
L03-0042,L03,W04,36,34,8.9052,8.5153,28.4999,29.4037,3.2522,3.3131,210.4179,219.217
L03-0043,L03,W02,46,16,13.2439,12.8882,30.439,32.2103,3.1058,3.216,209.9616,209.7149
L03-0044,L03,W03,20,4,7.8799,7.8924,23.2288,22.8392,3.1205,3.2127,209.3268,213.9071
L03-0045,L03,W03,58,51,7.2117,7.4311,20.0835,20.4366,3.239,3.1946,204.1294,209.926
L03-0046,L03,W04,41,0,10.1229,11.001,26.9426,26.2338,3.1453,3.1809,219.0308,217.9449
L03-0047,L03,W02,14,31,7.6415,7.8273,13.8881,14.2976,3.2533,3.1932,199.4246,195.9315
L03-0048,L03,W05,27,45,11.1836,11.0046,12.7195,12.8699,3.1486,3.2101,211.0758,208.223
L03-0049,L03,W03,7,26,11.0118,11.0911,23.7275,24.5707,3.1553,3.1228,195.7122,191.1619
L03-0050,L03,W02,35,4,9.1037,9.1445,17.033,17.2308,3.1957,3.1699,203.153,209.4265
L03-0051,L03,W02,15,54,10.2206,10.2779,25.2627,25.0355,3.367,3.2704,213.9197,216.8118
L03-0052,L03,W01,47,32,10.602,10.9909,25.9704,26.1001,3.1321,3.2246,229.5485,235.6876
L03-0053,L03,W04,24,13,9.6882,9.5625,18.7605,19.228,3.0844,3.235,212.0705,213.3423
L03-0054,L03,W03,7,41,10.6902,10.9931,21.4653,21.3657,3.0768,3.1136,189.9784,194.7117
L03-0055,L03,W02,51,46,8.1942,8.3211,20.3917,19.7565,3.2565,3.2304,209.337,214.4617
L03-0056,L03,W04,8,43,10.0585,10.3189,17.5746,18.2512,3.1163,3.1735,193.7373,195.1895
L03-0057,L03,W03,18,39,9.156,8.9922,15.2757,15.5961,3.1611,3.285,204.5538,203.6928
L03-0058,L03,W01,43,58,7.4792,7.7908,21.2586,21.6534,3.2567,3.2208,206.1813,204.6006
L03-0059,L03,W05,46,25,9.1158,9.1362,19.108,18.6965,3.1888,3.1696,191.3116,197.3707
L03-0060,L03,W03,41,54,9.2198,9.1171,21.6854,22.9466,2.9948,3.069,199.0943,200.4107
L03-0061,L03,W02,55,14,9.5293,9.7072,16.7952,17.7578,3.2278,3.1217,207.843,217.5799
L03-0062,L03,W03,50,59,9.4097,9.3137,24.7073,24.3971,3.2481,3.1851,224.8626,220.0449
L03-0063,L03,W02,27,17,9.1147,9.4238,32.5664,32.6666,3.3448,3.2747,215.6189,216.7793
L03-0064,L03,W01,58,37,7.1379,7.7005,15.4977,15.3246,3.1735,3.1963,222.6831,216.8365
L03-0065,L03,W02,38,50,10.2346,10.6627,25.5116,25.8841,3.1551,3.225,208.5338,201.3768
L03-0066,L03,W02,47,26,8.7522,9.031,17.3089,17.1826,3.2256,3.2608,208.4329,209.8838
L03-0067,L03,W04,42,29,9.6039,9.7304,24.1227,24.3616,3.3208,3.3869,215.0539,213.1633
L03-0068,L03,W03,59,43,12.3433,12.7141,32.165,33.3752,3.3131,3.2855,204.8973,203.4042
L03-0069,L03,W03,34,27,8.2458,8.1587,23.2311,23.8063,3.0764,3.1794,223.4896,223.5096
L03-0070,L03,W05,18,16,9.5916,9.4477,25.2029,26.0976,3.2109,3.2048,212.2176,204.722
L03-0071,L03,W05,31,46,9.6413,9.8866,22.3871,22.4377,3.235,3.292,212.7238,209.9571
L03-0072,L03,W03,35,54,10.1239,10.2153,20.0758,20.3156,3.1633,3.1337,211.7229,208.2611
L03-0073,L03,W05,43,39,11.771,11.618,15.2009,15.6029,3.0574,3.0696,223.4534,223.7527
L03-0074,L03,W03,55,48,8.9908,9.563,31.037,30.9194,3.0538,3.0336,197.5482,207.6381
L03-0075,L03,W04,21,14,11.0192,11.3515,25.9601,26.979,3.3646,3.417,220.6204,224.1128
L03-0076,L03,W03,39,9,7.5629,8.0374,18.576,18.3061,3.2944,3.2165,203.0317,210.2572
L03-0077,L03,W03,44,9,10.4718,10.6994,29.1187,30.2117,3.1423,3.226,220.4515,222.8982
L03-0078,L03,W04,49,33,12.0004,12.6622,19.0857,18.8788,3.0118,3.0544,219.2899,213.8575
L03-0079,L03,W03,30,26,10.1128,9.6757,24.0869,23.8727,3.0773,3.1857,214.0177,212.5494
L03-0080,L03,W03,16,51,9.7695,9.4879,19.9468,19.989,3.1174,3.0808,215.9839,212.7886
L03-0081,L03,W04,2,13,13.9572,14.5456,19.6285,20.297,3.2105,3.1975,210.2376,209.6263
L03-0082,L03,W01,24,26,10.2827,11.1838,25.5251,25.9456,3.0433,3.086,188.7984,183.7707
L03-0083,L03,W05,11,28,11.3263,11.7298,22.129,21.0813,3.2757,3.1888,217.8035,217.6932
L03-0084,L03,W02,8,56,11.5008,11.7273,34.6465,33.563,3.3219,3.3618,208.526,216.5277
L03-0085,L03,W03,36,23,10.5615,10.7776,23.5272,23.4767,3.2675,3.2756,205.0129,216.3364
L03-0086,L03,W04,18,14,9.3607,9.5124,23.8014,23.759,3.2655,3.193,216.3023,216.702
L03-0087,L03,W02,3,31,11.1208,11.6071,17.0758,17.593,3.2295,3.2105,200.5099,202.9383
L03-0088,L03,W02,41,17,7.7289,8.1502,19.1835,19.0409,3.3007,3.3564,206.2849,205.2515
L03-0089,L03,W04,14,39,9.4332,9.6598,26.7492,26.9323,3.1079,3.0861,208.0809,208.5641
L03-0090,L03,W05,58,28,8.9786,9.4397,25.7754,26.0219,3.1507,3.175,223.3475,217.1457
L03-0091,L03,W04,28,6,9.0398,9.4507,18.6159,17.7042,3.2171,3.124,220.5353,222.4797
L03-0092,L03,W02,31,52,7.641,7.6422,16.9208,17.5593,3.2984,3.3908,198.6332,197.8871
L03-0093,L03,W02,57,48,9.2017,9.2614,17.8279,18.003,3.2074,3.0736,213.8832,218.9235
L03-0094,L03,W01,49,17,7.2758,7.4558,16.1343,16.3532,3.0487,3.1006,190.655,189.0179
L03-0095,L03,W03,31,27,8.6092,8.9083,16.6774,17.7659,3.2617,3.3198,229.5386,228.9199
L03-0096,L03,W05,43,52,9.591,9.4977,26.9271,26.83,3.0667,3.1645,202.495,199.305
L03-0097,L03,W03,6,26,9.8992,9.8878,22.299,23.3343,3.0773,3.1034,223.8941,228.019
L03-0098,L03,W01,45,45,10.4862,10.4359,19.2215,19.3767,3.3501,3.2619,217.0568,212.8566
L03-0099,L03,W01,23,39,9.6556,10.3439,18.5615,18.0051,3.1506,3.1962,211.3528,203.0242
L03-0100,L03,W04,39,40,10.1766,10.256,18.2875,19.202,3.2828,3.3302,204.5349,201.683
L03-0101,L03,W02,57,41,7.7339,7.7978,18.4419,18.975,3.2806,3.2254,208.4129,217.2992
L03-0102,L03,W03,23,48,10.6675,10.9398,14.2044,13.9931,3.2363,3.3057,216.9995,208.4345
L03-0103,L03,W01,14,42,10.1992,10.1811,17.7715,18.3102,3.3155,3.2417,216.2221,213.4583
L03-0104,L03,W01,21,12,11.5006,12.4741,11.5244,11.5668,3.0931,3.2963,220.3694,230.5187
L03-0105,L03,W05,42,55,9.14,9.0245,26.0659,25.979,3.1774,3.2319,211.4637,203.9973
L03-0106,L03,W02,28,47,10.2724,10.464,25.254,25.3429,3.2659,3.2417,202.7793,204.906
L03-0107,L03,W04,30,7,9.0969,9.3121,23.1218,23.8613,3.2736,3.2008,212.2529,207.9394
L03-0108,L03,W03,31,8,11.0653,11.0626,26.7156,26.7416,3.2339,3.2476,201.966,205.9227
L03-0109,L03,W04,10,20,8.5975,8.8136,9.1988,9.1899,3.2486,3.2333,219.0564,217.4
L03-0110,L03,W03,23,47,9.5144,9.5945,18.7194,19.1068,3.3029,3.2647,211.1617,210.3835
L03-0111,L03,W04,57,42,11.9715,11.9646,20.0756,20.3578,3.1533,3.2331,196.08,198.9835
L03-0112,L03,W04,7,0,9.1557,9.635,23.6701,23.6416,3.2378,3.2493,214.8084,219.8633
L03-0113,L03,W03,20,15,9.8129,10.4371,20.0188,20.7229,3.1124,3.1406,216.1406,211.4488
L03-0114,L03,W04,8,5,9.0552,9.0558,21.9932,22.0809,3.1307,3.2665,219.7492,224.1009
L03-0115,L03,W02,59,43,6.4887,6.6963,23.5935,23.1124,3.2163,3.2294,195.1968,204.3975
L03-0116,L03,W04,23,23,10.0658,10.124,17.7525,17.5466,3.2567,3.2863,209.0509,200.2209
L03-0117,L03,W03,16,7,11.4589,11.5025,17.2222,17.0215,3.1286,3.2143,214.1833,215.6898
L03-0118,L03,W01,36,22,8.5985,8.3993,19.6049,19.0426,3.2961,3.3582,188.5655,189.4425
L03-0119,L03,W05,47,46,8.0882,8.4945,15.4554,15.2633,3.1558,3.1272,199.7404,202.6306
L03-0120,L03,W04,0,45,11.2646,11.134,20.2298,20.0613,3.1593,3.0892,210.1201,211.1623
L03-0121,L03,W04,49,24,8.9445,8.8844,24.6917,25.3225,3.1326,3.1845,197.7626,196.0588
L03-0122,L03,W04,15,50,9.9502,9.7258,12.8408,13.0268,3.1521,3.1974,213.5204,215.5482
L03-0123,L03,W03,24,56,10.647,10.9321,17.9345,18.8263,3.3075,3.1824,222.75,227.5633
L03-0124,L03,W01,6,26,8.9711,8.7493,24.3647,23.6359,3.1393,3.0997,205.6908,206.5032
L03-0125,L03,W01,38,48,10.3403,10.265,13.8842,13.8375,3.2034,3.2355,202.288,205.4289
L03-0126,L03,W03,33,19,8.6248,9.0202,23.0818,23.6871,3.2828,3.3615,211.6494,216.8305
L03-0127,L03,W04,36,31,8.9542,9.1558,32.9685,33.641,3.1966,3.2384,200.7074,195.0238
L03-0128,L03,W03,17,39,9.0971,9.3647,18.5536,19.5177,3.1664,3.147,225.7237,224.7596
L03-0129,L03,W04,49,33,9.916,9.8244,17.3186,17.73,3.1687,3.1843,212.6211,210.0116
L03-0130,L03,W02,31,39,7.423,7.635,21.9795,23.4306,3.2648,3.3679,218.8121,219.1024
L03-0131,L03,W02,11,13,9.1737,9.3942,15.9513,16.8201,3.2494,3.1867,218.0475,207.6724
L03-0132,L03,W04,54,2,9.3846,9.4699,28.464,29.0547,3.0402,3.2336,222.5292,218.3826
L03-0133,L03,W03,55,44,9.8146,9.8277,16.4348,18.1128,3.2035,3.243,205.179,205.1831
L03-0134,L03,W02,53,52,11.3981,17.1723,19.6933,24.3024,3.1711,3.4702,198.1764,218.2894
L03-0135,L03,W05,57,29,10.9178,17.5219,14.8151,24.1268,3.0657,3.2786,208.4675,211.4094
L03-0136,L03,W05,5,39,11.1921,11.1387,18.6486,18.6098,3.0531,3.0095,189.5117,198.2556
L03-0137,L03,W02,0,37,11.2553,11.5933,14.2139,14.6706,3.2172,3.2603,200.8942,201.4112
L03-0138,L03,W03,28,0,13.2075,16.6568,17.5513,21.59,3.002,3.1128,218.3627,219.3418
L03-0139,L03,W05,32,42,10.5957,10.5044,11.9699,12.4294,3.1933,3.2155,218.4257,209.0632
L03-0140,L03,W04,57,22,10.8153,11.0342,21.127,21.1034,3.2218,3.2174,206.2101,218.4234
L03-0141,L03,W04,28,45,12.1658,12.2482,19.8418,20.4759,3.2101,3.0828,218.9057,212.1461
L03-0142,L03,W03,39,46,11.0885,11.397,19.5879,19.5615,3.1667,3.2203,218.039,212.6788
L03-0143,L03,W03,9,4,9.631,10.0921,20.993,21.3431,3.1209,3.0931,215.2528,212.4699
L03-0144,L03,W01,42,42,12.4624,12.6899,15.7863,16.071,3.2048,3.2656,207.003,210.7978
L03-0145,L03,W04,8,49,11.2203,11.6988,25.4705,26.9964,3.0633,3.0807,208.1267,212.8653
L03-0146,L03,W02,17,31,7.7517,7.9477,25.3188,24.1798,3.3182,3.2975,208.255,202.8357
L03-0147,L03,W05,4,49,7.0062,7.2279,17.1955,17.2547,3.1588,3.2088,199.5798,203.4529
L03-0148,L03,W01,11,6,9.7678,9.5942,14.2056,13.9328,3.2859,3.3518,210.3815,203.2303
L03-0149,L03,W02,16,18,12.7823,12.7447,18.3029,18.6136,3.2595,3.3565,216.9842,217.4219
L03-0150,L03,W05,0,44,12.0869,12.0221,18.7728,19.6974,3.2595,3.1714,220.1297,222.6709
L03-0151,L03,W03,51,4,11.5924,11.7472,15.283,15.8667,3.1837,3.1643,227.3512,223.7705
L03-0152,L03,W01,35,26,10.6936,10.3553,14.6913,16.1416,3.164,3.2079,205.2189,205.0674
L03-0153,L03,W04,19,20,10.6524,10.8879,15.4084,15.6617,3.0734,3.1931,204.3079,201.3241
L03-0154,L03,W01,17,43,13.7749,14.533,23.9307,28.3607,3.1871,3.2087,212.6143,217.2483
L03-0155,L03,W01,20,23,11.4955,11.2242,18.1866,17.8968,3.2622,3.2544,217.9272,208.1018
L03-0156,L03,W04,57,21,10.1846,9.9892,18.3536,18.6969,3.2402,3.3396,213.6626,211.7216
L03-0157,L03,W03,4,8,8.7202,8.5609,26.454,27.2514,3.1613,3.1706,203.7552,207.0744
L03-0158,L03,W03,3,5,9.1826,9.1503,14.7616,14.8051,3.1883,3.2447,239.3212,233.609
L03-0159,L03,W04,42,30,10.531,10.8428,14.0087,14.408,3.1315,3.274,228.5828,232.0572
L03-0160,L03,W05,44,57,8.0433,8.4703,18.7972,19.6459,3.1316,3.1526,192.6055,197.7752
L03-0161,L03,W04,15,27,8.5964,8.8583,31.4787,31.5662,3.2001,3.2397,203.5643,199.875
L03-0162,L03,W01,20,41,11.1679,10.9269,23.9031,24.5815,3.1995,3.1642,204.3343,202.3986
L03-0163,L03,W01,39,13,11.9479,11.7092,19.1238,18.8966,3.1461,3.1218,192.6347,193.6985
L03-0164,L03,W04,24,41,8.4897,8.8258,26.6263,27.2381,3.1458,3.1734,209.2034,206.3911
L03-0165,L03,W05,41,28,9.603,9.8327,16.5286,16.9684,3.2181,3.2377,207.4361,207.7203
L03-0166,L03,W01,37,44,11.6487,11.9367,17.9829,18.5222,3.169,3.1511,205.9438,197.7319
L03-0167,L03,W04,21,59,9.2071,9.4436,14.2922,14.1377,3.0883,3.2134,206.1995,209.5276
L03-0168,L03,W05,24,33,9.0837,9.6934,14.2086,14.965,3.2952,3.3441,188.8501,190.2886
L03-0169,L03,W05,45,56,7.6237,7.6844,15.7121,15.617,3.2342,3.2189,216.2617,212.1227
L03-0170,L03,W02,33,18,8.3729,8.5499,22.1976,22.6287,3.1761,3.1709,212.6689,211.4007
L03-0171,L03,W05,0,6,10.8018,11.7043,25.4286,26.7307,3.3011,3.3637,223.6673,221.8057
L03-0172,L03,W05,50,26,13.041,13.5356,24.5113,24.3948,3.2049,3.2107,230.1406,223.3979
L03-0173,L03,W03,56,36,11.7095,11.6897,16.281,17.1638,3.2308,3.1036,201.7624,211.0607
L03-0174,L03,W01,58,56,7.5765,7.5285,17.5409,17.9209,3.1844,3.1263,216.8048,216.2322
L03-0175,L03,W05,2,40,8.6749,8.5989,17.5576,17.8078,3.1521,3.176,202.043,195.9799
L03-0176,L03,W02,25,42,13.1302,13.7357,20.2989,19.7573,3.2958,3.1406,203.4642,206.3465
L03-0177,L03,W02,53,49,9.2463,9.7058,17.3223,17.8991,3.2295,3.289,223.805,221.2102
L03-0178,L03,W04,58,12,9.6559,9.5878,15.4758,15.6115,3.3109,3.1557,206.8431,209.1639
L03-0179,L03,W04,45,59,8.7523,8.5352,17.6493,17.6644,3.2256,3.2248,207.0373,203.1624
L03-0180,L03,W05,17,47,8.7406,9.1948,18.7739,18.4991,3.1434,3.1652,194.6871,188.5559
L03-0181,L03,W03,13,45,12.1801,12.3416,22.9438,23.212,3.2459,3.3522,206.3353,203.742
L03-0182,L03,W03,56,3,11.8959,12.4397,19.1157,17.9794,3.1401,3.2033,201.7952,205.8508
L03-0183,L03,W04,49,28,12.2246,12.1398,27.678,29.3248,3.2196,3.2017,231.69,231.9604
L03-0184,L03,W05,54,11,10.4307,10.3134,19.6649,19.0272,3.1663,3.1081,204.1443,202.2325
L03-0185,L03,W03,40,46,8.702,8.6521,18.2497,18.6923,3.2099,3.2039,230.5609,222.716
L03-0186,L03,W01,51,22,8.2338,8.2932,18.5395,18.6953,3.1756,3.3317,208.8167,211.8424
L03-0187,L03,W04,33,38,11.0092,10.5876,27.3018,27.7433,3.2277,3.2873,186.8099,185.438
L03-0188,L03,W05,46,6,9.1279,13.4112,15.9009,22.1953,3.2228,3.4756,199.6923,214.8099
L03-0189,L03,W04,10,30,9.6488,9.954,25.4228,28.4862,3.2556,3.1351,209.3434,210.7476
L03-0190,L03,W01,9,19,8.4349,8.8243,14.0456,14.3623,3.212,3.2101,197.8759,198.1874
L03-0191,L03,W01,36,59,9.9952,10.4184,19.4943,19.8852,3.1642,3.1715,217.016,216.3233
L03-0192,L03,W05,17,10,9.4435,9.792,16.0669,16.242,3.3684,3.3171,214.5986,214.057
L03-0193,L03,W04,24,59,12.3689,12.0977,21.6636,22.7142,3.2424,3.0832,216.4345,213.0585
L03-0194,L03,W03,42,17,9.6968,10.2069,22.3227,21.8259,3.2106,3.2216,220.1744,219.6141
L03-0195,L03,W02,15,42,10.6493,11.3243,17.6662,17.621,3.1849,3.2172,217.412,223.6897
L03-0196,L03,W04,34,45,9.8906,10.8274,24.1418,24.3747,3.2035,3.185,216.1361,217.4554
L03-0197,L03,W04,18,5,8.7108,8.4078,22.1717,23.331,3.1748,3.0384,194.3002,192.9855
L03-0198,L03,W01,22,33,9.1544,9.333,22.4028,23.3156,3.1142,3.0373,212.7849,214.4931
L03-0199,L03,W04,17,30,11.073,11.0409,13.9209,13.7087,3.1058,3.0757,192.835,199.3006
L03-0200,L03,W02,3,0,6.7623,6.953,22.2526,21.7365,3.1975,3.1332,201.2262,198.8377
L03-0201,L03,W03,14,35,12.3732,12.1958,18.4869,18.4735,3.1603,3.103,214.2781,211.7556
L03-0202,L03,W02,33,50,15.0729,14.6208,18.683,19.3964,3.0586,3.0637,210.6724,218.2088
L03-0203,L03,W02,3,0,9.5092,9.5048,20.5725,20.7706,3.058,3.147,206.3656,203.1768
L03-0204,L03,W05,11,52,10.0352,10.3695,20.4997,19.9562,3.2239,3.1095,209.5686,206.8117
L03-0205,L03,W01,35,20,14.7188,14.9627,26.5375,29.6732,3.1944,3.0919,220.8992,217.7632
L03-0206,L03,W03,35,1,10.3036,10.8226,23.1496,23.3238,3.2851,3.2959,210.49,209.4556
L03-0207,L03,W01,11,52,11.5759,11.2365,17.4363,18.0842,3.1958,3.1344,192.3369,201.4996
L03-0208,L03,W01,17,29,10.7802,10.6745,25.6007,24.992,3.3132,3.3142,190.6551,192.839
L03-0209,L03,W03,33,47,9.038,9.472,30.8245,31.7252,3.2598,3.3033,212.0611,214.4332
L03-0210,L03,W01,32,59,7.7129,7.5528,24.4494,24.5009,3.1707,3.1619,219.7778,219.0995
L03-0211,L03,W05,34,40,9.3405,9.7444,21.7942,22.6322,3.1754,3.2121,218.3342,217.1634
L03-0212,L03,W04,18,43,11.0248,11.2604,22.8774,22.8957,3.1737,3.2762,221.7101,212.9062
L03-0213,L03,W02,42,4,11.6937,12.3691,22.1901,23.2738,3.082,3.1422,210.9996,213.9466
L03-0214,L03,W05,20,46,10.7741,10.6087,20.7529,21.426,3.1942,3.1971,201.5961,202.2613
L03-0215,L03,W03,6,9,7.3702,6.9817,24.2658,25.2314,3.3094,3.2639,200.6232,200.921
L03-0216,L03,W04,39,12,9.3267,9.5011,14.8644,15.2552,3.1072,3.2722,201.764,201.7642
L03-0217,L03,W01,49,27,11.4584,11.3712,25.0411,24.1485,3.2221,3.1023,208.0726,217.5134
L03-0218,L03,W01,25,37,10.3224,10.3068,26.2568,26.9959,3.2133,3.2448,205.1035,207.3944
L03-0219,L03,W01,20,51,11.1509,10.7622,15.9787,16.2527,3.2177,3.2606,209.8997,207.1735
L03-0220,L03,W04,49,0,9.7221,10.0407,18.4279,18.7741,3.1333,3.1203,195.8626,193.4762
L03-0221,L03,W04,21,37,13.6499,13.569,20.2183,20.3809,2.9872,3.0234,217.0623,219.5579
L03-0222,L03,W02,54,58,9.0777,9.224,18.2581,18.7719,3.2319,3.2357,199.9505,198.0815
L03-0223,L03,W05,48,17,11.1614,11.9942,28.6821,28.401,3.1272,3.1839,204.1234,204.079
L03-0224,L03,W02,2,23,9.7563,10.0093,17.662,18.6318,3.0899,3.0593,206.6987,205.3963
L03-0225,L03,W04,14,54,10.9909,11.1061,10.4276,10.72,3.2564,3.2596,214.9086,209.8359
L03-0226,L03,W03,47,19,8.4713,8.5574,22.9352,23.7384,3.2842,3.2235,205.5536,216.8589
L03-0227,L03,W03,17,44,9.5953,9.9746,19.344,19.4133,3.2181,3.3266,211.9462,210.3951
L03-0228,L03,W05,59,59,12.4561,12.8941,11.4748,11.4393,3.0907,3.0858,226.7356,222.2581
L03-0229,L03,W03,30,16,9.2953,9.473,15.7816,16.2512,3.2572,3.2547,210.1043,213.8508
L03-0230,L03,W04,47,17,9.699,10.1183,27.3723,27.6256,3.2864,3.2284,213.0906,210.8617
L03-0231,L03,W05,4,49,8.3354,8.3785,21.6468,22.5313,3.2211,3.1985,193.219,194.0703
L03-0232,L03,W02,7,32,13.363,13.2527,14.4023,14.2892,3.3786,3.2859,220.4527,226.7407
L03-0233,L03,W03,40,22,9.1966,9.8175,21.3033,20.8064,3.1262,3.0338,198.9786,197.7047
L03-0234,L03,W05,54,39,10.3318,10.8931,14.3579,14.8093,3.2582,3.1984,209.4361,210.2663
L03-0235,L03,W01,30,19,9.5365,9.6712,18.6997,19.1313,3.3094,3.329,215.3522,217.2916
L03-0236,L03,W01,19,24,8.0949,8.6906,24.7239,25.1474,3.203,3.2242,186.3198,198.5285
L03-0237,L03,W04,45,52,8.4612,8.4469,23.8896,24.319,3.1962,3.1102,196.5407,197.0081
L03-0238,L03,W02,50,49,9.7079,10.1109,22.8413,23.2663,3.3749,3.2993,218.1034,221.6887
L03-0239,L03,W01,3,0,8.0654,7.9197,18.2157,19.0316,3.3119,3.2612,203.4194,199.8023
L03-0240,L03,W02,49,43,10.9689,11.5446,18.9946,20.1638,3.1909,3.2674,217.703,218.8278
L03-0241,L03,W04,59,55,9.3318,9.4128,18.1753,19.1398,3.2473,3.2304,214.7515,215.0853
L03-0242,L03,W05,15,10,10.5086,10.5275,20.4864,21.7495,3.0867,3.1047,209.2511,205.3308
L03-0243,L03,W05,31,58,8.3848,8.2648,16.6061,17.209,3.2052,3.1866,200.6626,201.2825
L03-0244,L03,W04,11,6,7.756,7.8203,20.2643,20.1663,3.1424,3.0918,215.2427,221.1704
L03-0245,L03,W02,51,59,11.8608,11.7419,22.4642,23.1739,3.1523,3.1479,219.7654,217.4363
L03-0246,L03,W03,2,9,11.4677,11.3838,25.951,26.7397,3.1136,3.0611,216.8797,214.3629
L03-0247,L03,W04,45,1,10.1218,10.3134,18.0527,18.1285,3.1634,3.2886,214.3483,213.2643
L03-0248,L03,W05,10,4,10.0688,10.3793,20.6534,20.4768,3.0894,3.094,208.0795,217.9763
L03-0249,L03,W05,26,52,9.0099,8.7808,23.2919,24.2747,3.1773,3.1618,195.2581,192.8332
L03-0250,L03,W04,22,49,9.302,9.6716,9.6707,10.0321,3.1911,3.2162,198.2666,191.6687
L03-0251,L03,W02,22,28,7.5796,7.6992,26.3642,26.8914,3.1496,3.0953,201.9669,201.5616
L03-0252,L03,W03,19,53,8.363,8.5049,21.5615,22.7887,3.1912,3.1782,209.9419,213.2322
L03-0253,L03,W02,30,30,10.2737,10.6909,18.8005,18.0646,3.1304,3.125,213.1489,218.7058
L03-0254,L03,W02,15,9,11.5588,12.1532,27.5987,28.5643,3.1492,3.0939,216.1789,218.9044
L03-0255,L03,W02,31,50,11.0579,11.3097,30.6566,31.0784,3.1501,3.1253,222.0656,222.556
L03-0256,L03,W01,45,27,8.3298,8.2905,19.7216,20.0017,3.206,3.2877,218.9714,212.5059
L03-0257,L03,W04,42,53,13.9906,14.2444,18.6605,18.657,3.3317,3.3294,194.7309,194.925
L03-0258,L03,W05,51,12,13.0511,13.2693,18.3293,18.2946,3.1508,3.1071,203.1799,194.7808
L03-0259,L03,W03,17,21,9.4042,9.6016,17.8934,18.0324,3.0567,3.1491,210.1486,204.9399
L03-0260,L03,W04,16,4,9.4176,9.5809,26.4929,27.8676,3.0876,2.9523,236.1601,230.7048
L03-0261,L03,W05,18,2,10.4504,11.8396,18.5563,19.3551,3.1214,3.1425,194.8494,201.5058
L03-0262,L03,W03,53,10,9.6841,10.1778,16.6591,16.6504,3.1296,3.2026,210.4983,203.0012
L03-0263,L03,W02,33,42,11.5212,11.9457,22.362,22.0917,3.2735,3.3128,231.3217,227.2669
L03-0264,L03,W04,55,48,10.726,10.9911,28.5658,29.9184,3.2446,3.1837,224.9155,222.327
L03-0265,L03,W01,44,31,11.5186,11.2368,22.4476,21.8438,3.2475,3.2303,208.2184,215.2126
L03-0266,L03,W03,15,28,9.387,9.681,12.3763,12.2301,3.1828,3.1604,208.4249,207.7515
L03-0267,L03,W02,40,23,8.5593,9.0625,13.7982,14.1208,3.2605,3.2443,219.585,216.3611
L03-0268,L03,W04,57,31,11.7689,11.9975,12.825,13.2645,3.1382,3.099,211.6049,210.6223
L03-0269,L03,W04,4,43,10.1013,9.8768,21.8497,22.0305,3.2379,3.2743,211.307,208.8377
L03-0270,L03,W04,23,4,12.0355,12.9362,18.898,19.1505,3.2671,3.234,201.8068,198.66
L03-0271,L03,W02,58,3,11.4421,11.7372,17.2288,17.8,3.2126,3.1777,212.4857,215.5388
L03-0272,L03,W04,36,40,9.5338,9.6434,18.8127,19.9616,3.3198,3.2421,216.6404,218.5607
L03-0273,L03,W02,31,48,10.3786,10.6062,15.5951,16.8046,3.287,3.1666,208.5395,209.3859
L03-0274,L03,W04,57,13,10.7309,10.7444,18.9257,18.1091,3.1435,3.27,206.7917,207.231
L03-0275,L03,W02,47,46,8.9428,9.0989,20.2214,20.4076,3.2092,3.2009,203.9855,209.8268
L03-0276,L03,W04,7,3,11.8585,12.0877,17.794,18.0584,3.1277,3.2527,214.268,217.5637
L03-0277,L03,W03,55,53,7.7869,7.7061,20.8593,19.9074,3.1146,3.0826,208.6747,206.3239
L03-0278,L03,W02,49,40,9.3537,9.3933,14.2974,14.8759,3.2245,3.2059,209.9879,210.1843
L03-0279,L03,W04,49,34,8.866,8.5967,19.5743,19.5828,3.3049,3.3356,203.1167,212.1448
L03-0280,L03,W05,27,46,11.2239,11.9827,21.9224,21.9649,3.1581,3.2319,210.9762,208.6207
L03-0281,L03,W03,7,16,9.4883,9.6752,17.829,18.3709,3.1728,3.1462,213.3039,211.6786
L03-0282,L03,W04,19,26,10.1813,11.0601,20.2105,20.1355,3.1717,3.1634,189.1982,194.5839
L03-0283,L03,W03,57,47,12.3787,12.4624,18.1914,18.2034,3.1584,3.051,205.8025,215.222
L03-0284,L03,W03,3,30,8.3755,8.3007,15.3799,15.577,3.3198,3.3962,204.3259,203.471
L03-0285,L03,W05,50,49,9.1773,9.4563,13.6573,13.4932,3.2599,3.154,208.5889,215.6188
L03-0286,L03,W02,41,15,10.8496,10.9036,17.7341,18.0115,3.1578,3.2417,207.2841,206.8892
L03-0287,L03,W05,44,50,8.9119,9.0031,17.5756,17.2704,3.2145,3.2971,219.3518,221.9958
L03-0288,L03,W01,3,34,11.0236,11.2873,14.1691,14.3282,3.3273,3.1866,210.4588,213.0871
L03-0289,L03,W03,2,21,8.2942,8.7515,25.7884,26.8322,3.1688,3.2742,208.5234,207.3216
L03-0290,L03,W01,5,5,9.5324,9.5181,15.3199,15.5639,3.2431,3.2497,203.7244,204.1915
L03-0291,L03,W03,47,50,10.0827,10.2204,25.6292,24.8796,3.285,3.2186,207.2043,215.5496
L03-0292,L03,W05,12,29,11.5532,11.9009,18.5063,19.0592,3.0865,3.1085,220.3167,221.8828
L03-0293,L03,W01,29,55,10.4371,10.6797,16.3204,16.9419,3.2123,3.2011,204.8454,201.1223
L03-0294,L03,W02,22,16,8.4982,8.4949,21.6994,21.4331,3.1691,3.2807,211.6212,214.8389
L03-0295,L03,W03,17,0,11.3129,11.1785,18.7658,20.0906,3.1227,3.2161,208.3967,209.4158
L03-0296,L03,W03,43,46,11.1343,11.3804,20.2463,20.924,3.3087,3.2574,204.1081,197.961
L03-0297,L03,W05,23,23,9.5518,9.5113,26.6529,26.3923,3.2634,3.1608,211.9557,213.084
L03-0298,L03,W05,1,9,8.6229,8.5239,21.6025,22.0612,3.062,3.2256,218.0563,220.8922
L03-0299,L03,W03,40,36,14.0967,14.2143,18.6903,18.4824,3.0918,3.1952,215.0707,217.121
L03-0300,L03,W02,35,24,9.6035,9.7001,19.8013,21.2245,3.1769,3.2007,205.0055,207.6854
L03-0301,L03,W04,40,54,14.3946,14.7214,17.2118,17.5346,3.2584,3.2816,208.3898,212.5166
L03-0302,L03,W05,11,29,10.4204,10.2936,19.4514,20.5534,3.2041,3.1691,200.8778,199.2012
L03-0303,L03,W03,23,0,11.7602,11.6339,25.386,26.2771,3.2145,3.0699,207.6467,207.9834
L03-0304,L03,W03,9,26,8.8427,8.9239,19.0943,19.0834,3.112,3.0803,208.3469,211.5884
L03-0305,L03,W04,0,17,11.6636,11.5736,20.6273,21.0234,3.1137,3.1163,184.7884,186.0479
L03-0306,L03,W02,4,14,13.1775,14.8726,25.1469,24.977,3.2126,3.1287,207.6636,207.1172
L03-0307,L03,W01,53,50,9.1327,9.4563,26.499,25.2571,3.213,3.3894,196.1249,201.6944
L03-0308,L03,W02,31,21,8.078,8.3062,16.892,18.0032,3.1108,3.2049,190.9904,188.0839
L03-0309,L03,W05,4,36,9.6123,9.803,17.4581,17.5227,3.2949,3.2569,200.0554,201.7098
L03-0310,L03,W05,1,5,7.7468,7.535,22.064,22.6986,3.2477,3.2099,205.9779,203.3585
L03-0311,L03,W01,48,5,8.382,8.4264,20.7322,21.0061,3.2127,3.2143,209.0776,204.4323
L03-0312,L03,W05,3,35,9.9732,9.9402,18.3031,18.4646,3.1642,3.2629,212.0299,210.2541
L03-0313,L03,W03,58,23,9.742,10.0872,19.1887,19.1312,3.1775,3.18,202.9883,197.1161
L03-0314,L03,W02,20,31,8.2199,8.2077,20.4831,20.3457,3.2362,3.2878,214.5698,212.1105
L03-0315,L03,W02,17,37,11.3208,11.3646,19.1152,20.7201,3.4684,3.3086,196.9389,193.1504
L03-0316,L03,W04,31,13,11.8423,12.4673,18.9079,18.9372,3.1545,3.1465,214.4943,213.3147
L03-0317,L03,W05,43,21,9.821,10.0396,27.8145,27.9091,3.1452,3.1647,219.8122,219.4754
L03-0318,L03,W02,38,21,10.8708,12.8954,13.5676,14.7156,3.2248,3.1625,185.0202,193.4773
L03-0319,L03,W03,13,52,12.0945,11.8758,21.6832,22.3242,3.2737,3.2421,220.4799,219.6904
L03-0320,L03,W02,54,18,11.0472,11.0333,17.5255,17.4133,3.1012,3.194,220.423,219.604
L03-0321,L03,W03,6,36,10.0035,10.6011,20.0835,20.7257,3.0353,3.1018,228.4693,228.8373
L03-0322,L03,W04,43,34,9.0968,9.4274,17.3115,17.6891,3.3606,3.3524,220.7388,216.984
L03-0323,L03,W01,13,52,9.0173,8.9106,14.9558,15.6924,3.2717,3.2741,210.2908,203.6112
L03-0324,L03,W04,54,34,10.3537,10.4392,24.3718,24.4603,3.3821,3.3029,213.2758,212.4706
L03-0325,L03,W04,2,8,10.4275,10.5292,19.6187,20.3516,3.3267,3.1983,195.0366,196.819
L03-0326,L03,W04,9,15,11.3887,11.0565,18.5553,18.3809,3.1896,3.2264,208.7486,207.0261
L03-0327,L03,W02,3,46,12.0664,12.3696,27.813,27.4304,3.1624,3.1392,191.7373,192.615
L03-0328,L03,W03,11,42,11.7202,11.8875,18.0734,18.9821,3.1836,3.0324,205.4491,202.1653
L03-0329,L03,W05,24,25,10.2746,11.2881,19.6548,19.6089,3.2676,3.3405,207.8803,213.2539
L03-0330,L03,W02,36,5,9.7963,10.2395,17.8455,17.4505,3.2243,3.178,205.9271,210.7981
L03-0331,L03,W04,41,52,13.6703,14.7288,28.1436,27.73,3.1607,3.1803,193.8518,188.2025
L03-0332,L03,W03,59,5,9.416,9.5338,18.0646,18.4975,3.0858,3.1369,209.4289,210.7224
L03-0333,L03,W05,3,20,11.5871,11.6417,16.4928,16.8104,3.2295,3.2625,215.4589,215.9376
L03-0334,L03,W02,7,40,10.9884,11.0584,17.8081,17.4087,3.2223,3.3114,214.151,205.7428
L03-0335,L03,W05,40,20,8.3238,8.4436,20.7441,21.4603,3.1536,3.077,192.8767,188.2711
L03-0336,L03,W01,26,29,10.9674,11.0763,20.0616,21.127,3.2578,3.2823,225.358,225.2912
L03-0337,L03,W02,2,46,10.5667,10.4783,21.6944,22.2223,3.1115,3.1624,207.3164,204.0107
L03-0338,L03,W03,1,48,9.226,9.2514,22.0671,22.0359,3.1519,3.1315,220.4204,224.2439
L03-0339,L03,W04,18,53,9.84,9.9704,19.2959,19.1026,3.0999,3.1025,209.1815,210.0685
L03-0340,L03,W01,53,18,10.1862,10.6476,19.39,18.7648,3.2351,3.233,208.3636,201.2009
L03-0341,L03,W05,3,40,11.8085,12.2096,18.2619,18.1306,3.1624,3.213,222.0077,219.0843
L03-0342,L03,W01,35,44,9.3593,9.4275,21.8579,22.1738,3.1234,3.1759,203.1322,200.0385
L03-0343,L03,W02,35,1,6.134,6.3224,14.3095,14.3752,3.249,3.2297,217.4313,230.2813
L03-0344,L03,W05,25,2,8.1053,8.3919,18.6361,19.053,3.2115,3.1683,197.22,194.2898
L03-0345,L03,W01,26,20,7.2584,7.1124,19.3766,19.8498,3.2404,3.2764,190.3227,201.7318
L03-0346,L03,W04,2,38,11.2484,11.5752,17.9597,17.6792,3.1464,3.2174,208.1751,205.6287
L03-0347,L03,W03,19,2,7.6217,7.7245,20.6228,23.6022,3.1585,3.1469,227.2304,229.6299
L03-0348,L03,W01,35,58,9.6138,9.8619,25.9787,26.2557,3.1359,3.3017,186.0245,186.7899
L03-0349,L03,W03,14,39,11.9996,11.9698,15.7455,16.2226,3.2401,3.1325,206.2499,203.6963
L03-0350,L03,W02,12,45,8.7482,8.7664,32.0443,31.6294,3.07,3.1274,207.2459,207.6791
L04-0001,L04,W01,1,23,10.2762,10.2629,40.9583,41.5311,3.8966,3.8451,232.3908,234.3342
L04-0002,L04,W01,31,38,18.2823,18.9051,21.8303,21.4156,3.9014,3.8945,244.9652,245.1092
L04-0003,L04,W05,9,38,8.3576,8.4921,19.1537,21.0938,3.7693,3.86,253.2312,258.573
L04-0004,L04,W02,33,32,13.4309,13.9497,19.6725,19.7506,3.9817,3.9516,268.3905,265.808
L04-0005,L04,W02,7,56,9.6826,9.6852,22.9873,25.9118,4.0442,4.1049,266.929,270.249
L04-0006,L04,W03,14,34,15.001,14.502,38.9848,38.6332,3.8045,3.7838,260.4736,255.2644
L04-0007,L04,W03,44,25,10.9533,10.9253,36.981,37.7558,3.8856,3.8778,270.6528,267.8606
L04-0008,L04,W01,18,27,14.6,14.9113,21.4981,21.7408,4.134,4.0457,272.4348,276.5658
L04-0009,L04,W01,24,11,11.1109,12.3683,34.4896,42.8317,3.5441,3.6388,268.1196,268.0305
L04-0010,L04,W03,30,11,9.5842,9.4671,61.2083,61.6224,4.0445,3.8985,284.7877,288.8417
L04-0011,L04,W05,17,43,16.3925,16.7801,46.9496,47.5843,3.6611,3.7248,270.9426,283.8546
L04-0012,L04,W01,10,29,15.3237,15.5288,13.5866,13.8137,3.7521,3.8285,249.8896,258.915
L04-0013,L04,W02,47,48,10.8646,10.9849,18.1323,18.2052,3.9018,3.8759,260.2434,262.8902
L04-0014,L04,W02,37,54,8.466,8.6118,19.8299,20.1956,3.7875,3.7565,287.0321,287.3974
L04-0015,L04,W05,33,7,13.3859,13.6161,15.4361,15.4073,4.0392,4.0462,258.4726,257.0282
L04-0016,L04,W01,34,49,13.5935,13.9818,13.1482,13.5012,3.7331,3.7646,256.0717,259.7499
L04-0017,L04,W01,4,44,6.653,6.6884,23.7884,23.9113,3.7863,3.836,287.7603,282.4267
L04-0018,L04,W04,38,46,7.5132,7.7149,15.0696,15.4143,4.0188,4.0924,274.4759,279.1575
L04-0019,L04,W02,44,22,12.636,12.4945,34.9823,34.7011,3.9658,3.9361,252.5846,257.1781
L04-0020,L04,W04,54,28,11.8477,12.3109,29.1613,31.3681,3.9544,3.9336,280.9841,281.5784
L04-0021,L04,W05,55,30,15.4061,16.5161,23.3333,23.2372,3.9836,3.9122,258.0536,260.1655
L04-0022,L04,W02,11,48,15.6703,15.8718,27.3404,28.1991,3.84,3.7637,221.1758,226.6954
L04-0023,L04,W05,56,16,20.7546,20.6087,20.4416,21.348,3.9436,4.0846,275.5976,269.7688
L04-0024,L04,W04,6,55,17.1469,17.6832,28.1913,27.9893,3.7864,3.7403,273.5121,271.7439
L04-0025,L04,W01,48,46,20.0546,20.3425,35.3941,35.8013,3.7433,3.6461,246.6203,256.8069
L04-0026,L04,W04,18,31,16.3886,16.1911,49.7506,52.8097,3.7625,3.7151,245.5861,257.5344
L04-0027,L04,W02,11,0,9.6702,10.0027,19.9992,20.0195,3.5799,3.6473,251.1741,255.1859
L04-0028,L04,W05,51,28,12.5806,13.4708,35.0797,35.994,3.9288,4.0171,240.3413,243.4031
L04-0029,L04,W05,21,34,9.4423,9.8817,19.1658,19.0258,4.1208,4.057,237.2352,237.479
L04-0030,L04,W03,28,49,9.4955,9.417,18.2754,19.0241,3.9805,4.1006,284.3905,290.4359
L04-0031,L04,W04,39,39,15.0445,14.9141,39.426,39.2811,3.8303,3.7868,239.4791,251.6288
L04-0032,L04,W05,45,38,11.2369,10.9999,14.1119,14.2548,3.7253,3.8035,274.2155,277.8812
L04-0033,L04,W04,6,51,15.3671,15.9595,19.6053,20.439,3.9225,4.1642,237.9265,240.7406
L04-0034,L04,W05,33,46,14.8159,15.098,25.9456,26.0513,4.0362,4.0475,242.2914,241.7831
L04-0035,L04,W04,1,13,20.527,20.8235,21.5295,21.2478,3.8089,3.8771,261.2958,262.6386
L04-0036,L04,W01,50,38,13.6289,13.7602,17.8861,17.7102,3.8108,3.7273,267.5267,273.1932
L04-0037,L04,W02,23,25,10.4634,10.4571,76.4332,74.4992,3.659,3.7472,237.8158,241.011
L04-0038,L04,W01,18,8,11.0333,11.1589,16.6509,16.1061,4.027,4.0505,291.5213,289.8891
L04-0039,L04,W03,3,21,13.9613,14.3153,16.4247,16.3678,3.8595,3.8538,257.9635,259.7719
L04-0040,L04,W01,39,18,12.7805,13.0738,25.8763,26.9953,3.968,4.0427,251.6777,251.9198
L04-0041,L04,W04,1,12,9.5717,9.4649,17.7149,18.6944,3.9072,3.9483,265.7499,270.5022
L04-0042,L04,W02,10,15,18.5023,18.6418,29.2587,30.2022,3.78,3.78,272.7667,278.7313
L04-0043,L04,W04,53,5,9.6173,11.8823,19.6707,21.5995,4.1388,4.1863,242.6828,250.5835
L04-0044,L04,W05,18,53,13.1551,14.6158,50.3306,52.5632,3.7962,3.7371,237.1239,244.7087
L04-0045,L04,W02,58,41,11.3455,11.2685,19.8154,20.5067,3.8684,3.8484,257.3744,260.5177
L04-0046,L04,W02,15,0,17.946,19.0214,17.865,18.0592,4.1015,4.2317,274.8054,280.8973
L04-0047,L04,W05,24,51,13.25,13.2975,25.1318,25.4075,3.9754,3.9148,267.2788,256.5385
L04-0048,L04,W04,30,50,12.0723,11.9706,27.5417,28.3733,4.0231,3.9583,290.3576,293.1747
L04-0049,L04,W01,10,59,7.7226,7.7454,40.1129,40.2586,3.9129,4.0121,249.8559,256.0898
L04-0050,L04,W02,37,53,12.7778,12.5709,22.9538,23.6729,3.756,3.9285,258.9975,259.9118
L04-0051,L04,W01,3,54,16.0681,16.2953,40.4901,39.0319,3.8143,3.79,270.9227,274.9488
L04-0052,L04,W04,7,25,12.5089,12.3313,12.2445,12.3788,3.9025,3.9076,242.0624,247.0108
L04-0053,L04,W02,52,42,10.8917,10.8329,53.1098,52.7573,3.646,3.5157,272.0023,271.6601
L04-0054,L04,W02,56,31,14.6556,15.394,28.9678,30.9643,3.9581,3.991,247.1406,250.0695
L04-0055,L04,W03,52,3,11.9464,15.0169,22.8983,30.773,3.9051,4.1414,274.3604,291.9661
L04-0056,L04,W01,14,3,11.1159,12.0406,24.7588,25.8495,3.7867,3.7983,253.2586,249.2298
L04-0057,L04,W05,13,15,8.8753,9.096,20.5503,21.3578,3.8151,3.9081,243.2309,245.1133
L04-0058,L04,W02,28,0,11.5468,11.5132,17.6072,18.0646,3.9164,3.9031,247.3031,256.3944
L04-0059,L04,W03,6,17,5.684,5.8638,27.4565,27.7381,3.9857,3.9597,259.4113,258.8641
L04-0060,L04,W03,49,16,11.5829,11.9155,25.0571,25.5394,3.9355,3.9324,263.2543,262.8033
L04-0061,L04,W03,32,24,17.2544,17.4672,17.3911,17.9852,4.1184,4.073,249.3597,246.5605
L04-0062,L04,W03,32,20,17.9348,18.0375,35.2217,36.2551,4.0351,4.1026,244.1595,243.7541
L04-0063,L04,W04,8,10,10.8042,11.0374,23.5264,25.7957,4.0235,4.0322,229.1341,232.5048
L04-0064,L04,W02,40,32,6.0477,6.3097,33.3752,33.4289,3.9147,3.8999,251.0793,252.8015
L04-0065,L04,W03,25,44,8.7959,10.0293,70.5752,77.4773,3.9596,4.0418,280.481,275.3404
L04-0066,L04,W05,47,21,15.5718,15.8416,15.1295,15.5629,4.047,4.0785,299.184,297.6025
L04-0067,L04,W05,57,39,13.5432,13.7041,19.9074,20.267,3.7749,3.8326,257.8461,250.3057
L04-0068,L04,W01,9,55,11.3114,11.3493,32.101,33.5055,3.9759,3.9212,254.4116,246.9303
L04-0069,L04,W03,45,41,7.9456,8.1507,18.3745,19.1335,4.046,4.0851,229.3738,233.6685
L04-0070,L04,W04,31,9,9.9253,9.9383,13.2985,13.2435,4.0154,4.0214,261.8026,260.0587
L04-0071,L04,W02,38,23,18.3979,20.7016,33.347,36.3696,4.0003,4.0356,240.0679,238.0231
L04-0072,L04,W02,44,49,9.7063,9.4851,38.3352,38.7383,3.8193,3.6542,254.4771,250.0237
L04-0073,L04,W04,15,18,13.416,14.7125,24.2836,24.5784,3.7911,3.7328,247.6029,261.5084
L04-0074,L04,W03,41,28,12.5307,13.2418,24.8063,24.9039,3.9515,4.0031,247.4261,250.274
L04-0075,L04,W03,47,30,6.76,7.4177,33.2028,33.542,4.0544,4.1356,236.7262,236.6777
L04-0076,L04,W05,39,37,9.3708,9.4394,18.1176,18.4651,3.7939,3.8868,278.9428,282.2308
L04-0077,L04,W04,4,55,11.6289,12.3315,19.3665,20.051,3.7468,3.7706,239.1629,241.7789
L04-0078,L04,W01,38,13,8.7623,8.4767,37.4524,37.122,3.9472,3.8408,261.1463,259.2472
L04-0079,L04,W04,38,45,15.6078,15.8505,16.4716,16.808,3.6579,3.671,265.751,261.3727
L04-0080,L04,W03,54,4,11.9635,13.879,15.298,16.8168,3.878,3.8881,233.9744,230.7581
L04-0081,L04,W03,45,18,14.1945,14.2108,33.1698,34.2106,3.8292,3.9254,254.0264,253.8613
L04-0082,L04,W01,48,42,12.5346,12.7434,27.3381,27.8554,3.7167,3.8254,264.8087,267.4477
L04-0083,L04,W02,37,45,13.4445,14.4008,14.1182,14.067,4.1703,4.231,245.9407,248.0071
L04-0084,L04,W02,28,6,15.1625,15.2853,52.6719,52.514,3.8973,3.9289,258.7352,265.9342
L04-0085,L04,W03,34,22,18.4254,19.28,9.0927,9.1809,3.9046,4.1857,257.2647,254.0708
L04-0086,L04,W04,55,12,8.5105,8.7375,16.7363,17.7413,4.0734,4.0169,250.9107,257.2001
L04-0087,L04,W03,9,21,19.4699,18.6937,27.065,28.3531,3.9008,3.873,279.0869,287.9279
L04-0088,L04,W02,54,1,17.8425,17.9843,23.5552,23.5633,4.2311,4.22,265.8979,270.0448
L04-0089,L04,W02,0,37,10.2655,10.271,19.7533,20.0291,3.881,3.9008,280.3173,278.8488
L04-0090,L04,W03,26,37,14.3172,14.1974,24.1962,24.7084,3.7018,3.7877,279.0679,288.6296
L04-0091,L04,W03,7,10,12.265,21.2455,22.0597,31.6212,3.9906,4.2171,259.8929,296.9447
L04-0092,L04,W05,28,52,11.8343,12.1689,28.1852,27.58,3.6435,3.6925,225.7637,230.9365
L04-0093,L04,W04,46,17,15.9161,16.1203,29.7974,30.4056,4.0516,3.9367,258.4406,261.9237
L04-0094,L04,W04,35,5,13.8878,13.6938,15.3168,15.1474,3.9226,3.9628,231.8297,239.4068
L04-0095,L04,W01,37,59,11.3699,11.3513,40.6341,43.1242,3.9485,4.0284,254.8518,249.7467
L04-0096,L04,W02,52,54,12.1983,13.4545,27.897,28.5108,3.7547,3.9832,258.5732,261.3619
L04-0097,L04,W02,35,6,12.4803,12.5347,29.382,29.4826,4.04,4.013,240.8982,250.2633
L04-0098,L04,W04,31,32,19.117,18.8667,20.4174,21.354,3.9693,3.9564,263.2566,277.3975
L04-0099,L04,W04,17,6,15.7456,15.5944,27.6622,27.9087,3.8029,3.7861,259.457,265.7986
L04-0100,L04,W03,37,21,10.3228,10.2397,19.992,20.3975,3.9121,3.9117,231.8101,230.9335
L04-0101,L04,W02,15,47,11.3336,14.5582,31.066,34.3778,3.9908,3.9563,223.4574,230.5062
L04-0102,L04,W04,40,2,11.9873,12.1584,18.4372,18.6799,3.8283,3.8304,266.4498,265.8157
L04-0103,L04,W02,0,57,12.8889,12.5236,20.3792,20.687,4.1079,3.9278,248.8722,248.4814
L04-0104,L04,W04,40,55,12.7787,12.6234,75.4692,75.191,3.8538,3.7915,246.9618,254.4535
L04-0105,L04,W02,58,55,11.5787,11.898,29.8488,29.2115,3.8848,3.9553,253.7654,248.1356
L04-0106,L04,W05,55,51,14.2576,14.8077,28.7603,28.9647,3.9833,3.9486,245.5261,248.0528
L04-0107,L04,W05,21,24,14.4551,15.0768,27.0858,27.5263,3.987,3.976,272.349,268.303
L04-0108,L04,W02,34,56,14.6468,15.2512,28.9849,29.403,3.7176,3.7777,243.8095,236.7885
L04-0109,L04,W03,20,16,14.5444,14.1179,23.0444,24.1619,4.018,3.9497,239.9047,233.9169
L04-0110,L04,W05,6,10,9.792,10.5393,27.0899,27.0253,4.0068,3.9078,245.7733,246.1008
L04-0111,L04,W02,0,28,16.2921,17.2881,36.6604,37.8642,3.7778,3.8553,224.7867,229.0917
L04-0112,L04,W04,42,21,23.4646,24.0607,21.1018,21.281,3.7973,3.82,253.3603,252.9293
L04-0113,L04,W05,57,30,9.953,10.2822,13.6429,14.343,3.9564,3.9542,249.5839,265.9702
L04-0114,L04,W03,30,16,13.4397,13.5335,17.618,17.5012,3.9955,3.983,265.7745,267.9953
L04-0115,L04,W01,41,25,9.2295,9.3167,41.5743,41.4442,4.002,3.9462,263.2485,261.2221
L04-0116,L04,W02,4,14,15.1286,15.4989,12.1921,12.3699,4.1241,3.967,249.6292,253.5143
L04-0117,L04,W05,34,10,19.0485,19.2828,27.5795,27.3985,3.8944,3.9658,255.2461,258.0504
L04-0118,L04,W05,33,16,11.8486,12.8916,29.5097,29.3291,4.0524,4.1234,224.6226,226.0309
L04-0119,L04,W03,57,48,12.3569,12.5473,22.7567,23.127,3.9435,3.9141,272.6299,272.8983
L04-0120,L04,W03,38,0,9.6163,9.8624,25.7602,26.4253,4.0206,4.051,248.8736,256.6038
L04-0121,L04,W05,40,29,8.9877,9.0341,33.3301,33.1849,3.9652,3.9314,241.0273,246.2215
L04-0122,L04,W02,20,36,7.8533,7.8219,17.3413,17.909,3.9915,4.126,235.086,244.9719
L04-0123,L04,W02,25,14,12.8985,13.4096,32.8737,33.0804,3.8829,3.9314,235.5188,228.9783
L04-0124,L04,W02,47,22,10.5417,10.5123,23.8562,23.2938,3.9377,3.9694,255.4216,255.1883
L04-0125,L04,W04,5,1,6.2579,6.0929,20.0076,20.9222,3.8364,3.8573,279.4171,275.2961
L04-0126,L04,W05,26,4,12.4849,12.8191,21.7812,22.0999,3.9112,3.886,247.4022,249.6591
L04-0127,L04,W04,43,19,10.2126,10.2577,23.5315,23.7208,3.8132,3.8069,252.0759,259.5513
L04-0128,L04,W01,36,45,8.163,8.7249,45.0132,44.2804,3.6736,3.7371,251.2323,257.3004
L04-0129,L04,W01,15,38,14.6802,14.8827,37.8898,41.3663,4.1689,4.0711,253.4111,255.4201
L04-0130,L04,W03,52,27,8.918,9.4828,27.2177,27.4211,3.752,3.8074,246.3158,249.6241
L04-0131,L04,W03,24,31,13.1788,13.1436,17.6041,18.1672,3.9104,3.9435,249.7398,255.5353
L04-0132,L04,W02,21,20,10.7521,10.9639,20.676,20.116,3.85,3.9377,251.6759,257.3708
L04-0133,L04,W02,0,25,23.0704,23.4667,14.3812,14.8072,3.8803,4.0074,204.1517,200.888
L04-0134,L04,W03,2,2,11.4327,11.5514,20.2256,20.7057,4.1351,4.1121,271.4744,269.7724
L04-0135,L04,W05,34,21,14.4845,15.2612,39.0409,41.1353,3.9077,3.9063,256.0253,250.585
L04-0136,L04,W02,27,1,11.4521,11.3612,13.8192,13.9366,3.664,3.678,264.8422,259.2802
L04-0137,L04,W02,5,5,15.9725,15.935,15.5989,15.3334,3.975,3.9797,267.2608,270.1807
L04-0138,L04,W05,50,16,11.4935,11.2929,37.6969,38.3981,4.1617,4.3061,253.0019,254.0478
L04-0139,L04,W05,32,45,23.0313,24.2212,23.8862,24.3638,3.7204,3.637,284.1042,287.6261
L04-0140,L04,W02,22,23,8.6524,8.8308,45.7355,45.6926,4.0892,4.0686,247.897,252.6226
L04-0141,L04,W04,25,21,10.9397,10.9595,12.4228,12.7128,3.9561,3.9467,273.812,270.2471
L04-0142,L04,W01,32,17,11.3722,11.5596,22.5923,23.2373,3.8218,3.8615,269.1861,266.2541
L04-0143,L04,W01,21,6,8.6923,10.53,23.6722,28.6959,3.6137,3.5961,267.8448,271.4948
L04-0144,L04,W03,53,37,7.0084,6.9531,19.096,19.0962,4.0569,3.8417,217.3586,219.8725
L04-0145,L04,W01,27,42,6.7127,6.9555,29.5797,32.4036,3.6016,3.5431,256.4587,245.0942
L04-0146,L04,W04,3,6,12.8268,12.8752,24.571,24.8696,4.0002,3.8646,275.2198,274.5994
L04-0147,L04,W01,31,29,17.4736,17.9771,37.1459,37.5378,3.8424,3.8823,272.3526,262.4687
L04-0148,L04,W03,48,14,21.5983,21.2431,18.3129,18.7105,3.8576,3.9343,279.462,275.9734
L04-0149,L04,W02,52,50,12.2335,12.5552,31.438,38.3173,3.7881,3.8059,254.1286,251.0877
L04-0150,L04,W03,17,53,19.3975,19.9868,27.5904,29.1341,3.8385,3.8486,250.0598,255.2327
L04-0151,L04,W03,40,52,11.6813,11.3096,23.053,24.323,3.817,3.7834,268.71,274.616
L04-0152,L04,W03,27,6,13.9585,14.1103,21.8827,22.7155,3.8461,4.0232,256.5175,259.6114
L04-0153,L04,W03,24,14,12.7747,12.4227,24.3937,24.8458,3.878,3.777,258.5442,262.2436
L04-0154,L04,W03,37,10,17.9119,18.1167,37.297,37.3965,3.8971,3.9393,277.4634,282.5894
L04-0155,L04,W04,59,45,8.8853,10.0694,29.3608,29.9269,4.0053,4.0114,264.7358,265.2641
L04-0156,L04,W02,58,36,16.8439,17.0712,21.3217,21.2317,3.9943,3.9297,271.2923,280.2246
L04-0157,L04,W05,1,50,10.7061,10.7714,23.0481,22.1926,3.8078,3.8048,275.77,281.6231
L04-0158,L04,W04,45,58,11.299,11.4206,25.7183,26.7576,3.9765,3.8993,275.5201,271.3521
L04-0159,L04,W02,36,8,9.2991,11.4712,14.0359,15.6006,3.9518,4.0429,256.8825,269.3128
L04-0160,L04,W01,51,42,18.8224,18.5926,34.2126,34.7063,3.761,3.8993,232.837,233.0008
L04-0161,L04,W05,34,57,15.6011,15.6869,39.3322,40.5145,3.8679,3.8908,272.8612,272.2652
L04-0162,L04,W03,34,56,21.2905,23.7892,23.2304,26.5385,3.7405,3.8921,240.4343,247.0439
L04-0163,L04,W05,47,36,10.2982,10.2799,17.1807,17.0214,4.0531,4.0704,268.8281,274.6483
L04-0164,L04,W02,50,10,9.2937,9.2406,28.7785,29.8345,4.0442,4.0696,262.2443,259.0925
L04-0165,L04,W04,50,50,11.9966,12.0368,37.5432,36.6309,4.0638,4.0629,254.2513,252.6943
L04-0166,L04,W02,14,40,14.5858,23.8043,30.5977,37.6554,3.7851,4.0031,245.6233,251.8703
L04-0167,L04,W05,0,32,17.4843,17.3304,8.8308,9.2293,3.8665,3.7173,245.9196,243.9655
L04-0168,L04,W04,39,21,13.1516,13.4972,27.6948,27.8526,3.9063,3.7751,257.7,264.4908
L04-0169,L04,W01,31,9,12.4188,12.7593,18.5873,19.1395,3.9127,3.862,229.8709,233.2179
L04-0170,L04,W05,10,44,11.9375,11.898,41.5484,43.2769,3.9319,3.8114,302.3051,293.4187
L04-0171,L04,W02,55,15,11.8989,11.9979,14.3486,14.5858,3.9143,3.9417,237.5538,234.5288
L04-0172,L04,W03,37,25,10.0639,10.4707,25.9393,25.9209,3.8255,3.8053,279.9461,280.8001
L04-0173,L04,W04,50,40,18.839,19.0223,33.1741,34.0468,3.6385,3.6333,258.1215,255.9807
L04-0174,L04,W01,51,48,13.4139,13.2057,22.0831,22.7806,4.1084,4.1293,256.1232,243.2574
L04-0175,L04,W04,0,21,12.6442,12.5616,13.9958,14.1647,4.1135,4.1867,255.5805,252.1523
L04-0176,L04,W02,11,32,10.1992,10.2459,31.1471,31.0264,3.7146,3.8177,233.0941,232.9117
L04-0177,L04,W03,25,8,12.0174,12.1093,22.2795,22.0685,3.946,3.9268,262.8271,260.7714
L04-0178,L04,W02,22,57,9.3065,11.3636,36.569,51.647,3.7909,4.12,250.0507,263.6802
L04-0179,L04,W03,11,25,10.7533,11.4064,42.694,42.9765,3.9282,3.8948,231.7393,230.6426
L04-0180,L04,W05,34,26,11.5319,12.5239,39.4187,40.6898,3.9021,3.8654,235.8773,235.0356
L04-0181,L04,W04,52,28,9.4654,9.6926,27.5613,29.9409,4.1396,4.0203,271.4156,266.9871
L04-0182,L04,W03,16,7,11.5217,11.8732,29.8352,30.1928,3.7851,3.9309,244.4994,253.7297
L04-0183,L04,W02,13,59,12.666,12.6703,22.5483,22.9498,3.8857,3.8957,276.303,275.9398
L04-0184,L04,W04,19,4,12.1281,12.8442,24.7787,24.3807,3.8217,3.9834,226.564,229.7309
L04-0185,L04,W01,14,16,14.6475,14.7816,22.2844,22.7124,3.8914,3.8936,254.96,242.55
L04-0186,L04,W04,53,7,10.4763,10.7287,28.6083,29.2389,3.8134,3.9086,255.7012,240.2194
L04-0187,L04,W01,50,20,16.1135,16.2538,22.2832,22.1589,3.9872,3.9058,270.6118,281.6143
L04-0188,L04,W04,38,27,21.2401,20.899,27.7871,28.1503,3.8258,3.9437,241.6964,247.1504
L04-0189,L04,W02,49,15,10.3074,10.7544,18.9085,21.6669,3.9206,4.0331,258.7111,261.4719
L04-0190,L04,W01,34,41,14.6255,14.718,56.6352,58.1008,3.8198,3.6917,283.1436,283.3997
L04-0191,L04,W04,24,37,9.6133,9.5968,14.282,15.0734,4.0574,4.0796,258.2958,258.418
L04-0192,L04,W03,18,5,12.2386,12.1384,19.7122,19.9946,3.7434,3.9051,261.0579,263.3915
L04-0193,L04,W01,39,53,20.694,21.4965,20.3156,20.3916,4.0816,4.0529,243.5589,247.5225
L04-0194,L04,W03,48,19,12.7694,12.6969,24.3566,25.1086,3.8049,3.8159,235.3278,250.0049
L04-0195,L04,W01,50,40,15.4126,15.5113,26.3381,26.016,3.7538,3.6344,266.5745,259.6194
L04-0196,L04,W04,57,57,12.7147,12.1876,33.3482,34.6642,3.8825,4.0134,268.9417,267.3736
L04-0197,L04,W02,8,59,9.7313,9.9829,31.0257,32.1428,4.0133,3.9008,266.4418,270.3656
L04-0198,L04,W05,43,1,13.6789,13.7829,28.57,30.0914,3.7617,3.8728,254.6482,249.5573
L04-0199,L04,W02,4,36,8.0029,8.4072,33.5834,32.7425,3.7757,3.8589,235.4065,241.4233
L04-0200,L04,W02,30,33,12.3489,12.3442,25.2364,26.0722,3.8863,4.0036,272.1443,271.2079
L04-0201,L04,W04,28,1,13.3766,14.5517,25.087,25.0494,3.7672,3.7442,239.9505,242.4364
L04-0202,L04,W05,44,27,12.5027,13.607,10.3837,10.7414,3.9754,4.0331,273.5604,274.297
L04-0203,L04,W05,49,31,8.1462,8.1026,39.5105,40.5062,3.7587,3.7573,246.5095,252.8028
L04-0204,L04,W04,59,1,11.9844,12.1436,23.8458,23.3179,3.846,4.0201,256.3357,247.7191
L04-0205,L04,W04,55,36,20.4648,20.5691,18.9847,19.7169,3.7973,3.9693,258.7732,259.657
L04-0206,L04,W01,18,48,22.3914,22.3391,18.4441,18.5537,4.0754,4.023,244.5202,244.337
L04-0207,L04,W03,48,52,10.0188,9.822,36.5716,35.1535,3.8831,3.9383,256.3276,242.1377
L04-0208,L04,W03,3,40,10.4305,10.4022,21.9937,23.5894,3.9064,3.9368,226.9693,220.3765
L04-0209,L04,W01,13,44,19.5536,19.9842,24.9951,25.3704,3.8282,3.789,248.9608,244.1392
L04-0210,L04,W02,26,16,19.5803,20.3863,16.0882,16.193,3.9883,3.98,252.2045,250.7598
L04-0211,L04,W05,33,40,12.2467,12.4568,33.4808,35.2247,3.8336,3.9509,249.6563,259.3567
L04-0212,L04,W05,2,39,12.1971,12.1003,29.6591,28.843,3.9634,3.8455,253.9377,258.0813
L04-0213,L04,W03,35,3,16.2159,16.9362,32.382,34.3213,3.6837,3.7713,277.2597,282.8696
L04-0214,L04,W05,54,6,13.635,13.3213,15.6274,16.2634,3.8016,3.6571,291.4437,282.2055
L04-0215,L04,W04,13,0,7.6731,7.889,26.9041,27.0825,4.0388,4.3008,238.2071,243.2868
L04-0216,L04,W04,55,16,16.8363,16.7422,13.0137,13.7312,3.7493,3.9441,253.977,262.412
L04-0217,L04,W03,1,58,10.3895,11.861,29.7431,32.7514,3.9628,4.0255,242.5754,243.2678
L04-0218,L04,W01,32,48,12.5681,12.9377,32.6916,35.5249,3.9482,4.0445,260.2011,257.4833
L04-0219,L04,W05,8,52,17.1919,19.6204,14.7018,16.9048,3.8572,3.9325,235.9337,242.1653
L04-0220,L04,W02,12,19,15.0831,15.786,26.1869,26.7036,3.8984,3.8351,254.5255,253.3023
L04-0221,L04,W04,38,52,10.8128,11.2238,19.4611,20.1845,3.7094,3.754,228.5596,222.1724
L04-0222,L04,W03,58,41,9.2904,9.6434,37.7965,38.2716,4.2423,4.2103,264.2289,256.0163
L04-0223,L04,W05,24,41,7.5313,7.9668,40.8911,42.9291,3.9249,3.8185,266.1641,266.0607
L04-0224,L04,W01,59,14,15.211,16.5452,16.9208,18.1926,3.891,3.8532,295.4758,312.0123
L04-0225,L04,W03,41,22,15.7017,16.5433,26.6209,27.8308,3.8179,3.8169,270.513,265.925
L04-0226,L04,W03,54,46,10.7217,11.008,34.6237,34.3125,3.7939,3.6369,271.0574,275.2578
L04-0227,L04,W01,13,28,11.2712,12.1627,27.7991,29.3632,3.9657,3.9248,253.7992,249.4612
L04-0228,L04,W01,44,7,14.5379,15.842,38.3165,41.1639,4.0211,3.9579,278.1192,291.2423
L04-0229,L04,W02,15,57,17.3141,19.0783,28.2665,27.8711,3.762,3.7844,245.6993,250.3982
L04-0230,L04,W02,8,45,10.3343,10.4353,18.2631,18.9877,3.7368,3.8529,248.3278,257.6025
L04-0231,L04,W05,25,1,9.1885,9.2956,18.7504,19.7313,3.762,3.7053,276.555,281.7164
L04-0232,L04,W02,55,48,17.719,17.7936,27.8467,28.1262,3.8568,3.8475,267.9092,277.0838
L04-0233,L04,W01,43,28,12.9693,13.139,38.7587,39.4508,3.9172,3.9399,244.0793,245.1974
L04-0234,L04,W03,37,21,12.5334,12.5837,25.3225,26.8409,3.7897,3.8768,253.3162,250.578
L04-0235,L04,W05,55,48,15.013,15.8612,25.9967,25.9295,3.771,3.8338,266.7626,266.7617
L04-0236,L04,W05,52,26,15.525,15.4665,19.4796,20.3556,3.9226,3.8841,258.3519,258.697
L04-0237,L04,W04,51,49,6.8791,6.785,23.96,24.9606,3.8445,3.9329,211.8285,209.7546
L04-0238,L04,W02,56,40,9.3202,9.1134,24.6946,25.3744,3.9282,3.8541,259.0304,258.0178
L04-0239,L04,W02,20,32,21.6869,21.1319,35.5682,36.1359,4.1257,4.0978,249.6248,248.6372
L04-0240,L04,W03,4,1,16.6394,16.9921,21.0924,22.5942,3.6227,3.6723,267.5089,263.0492
L04-0241,L04,W03,28,16,11.1572,11.1102,8.4686,8.5975,3.8921,3.8834,237.7484,242.3559
L04-0242,L04,W01,10,48,13.1638,13.3024,28.0151,28.7212,3.8491,3.9633,242.6628,252.0231
L04-0243,L04,W03,8,47,13.8468,14.0544,15.8671,15.9958,3.8552,3.814,252.3497,259.4396
L04-0244,L04,W04,49,5,11.6806,11.5466,47.9038,49.5929,3.7827,3.7831,232.3117,235.4122
L04-0245,L04,W01,24,15,14.1823,14.8787,27.3867,28.5096,3.7804,3.8608,257.2939,255.8885
L04-0246,L04,W02,17,51,11.1796,11.6625,19.4329,20.0791,3.7464,3.8757,287.8223,289.4065
L04-0247,L04,W01,3,52,13.471,13.5946,22.2715,23.872,4.1151,4.0426,253.985,251.4995
L04-0248,L04,W05,19,23,10.5022,10.5306,16.9157,16.9705,3.914,4.067,262.0223,265.0052
L04-0249,L04,W01,9,53,10.1586,10.3385,20.8704,20.8156,3.9694,3.8486,254.0288,259.9624
L04-0250,L04,W02,50,29,10.8523,11.0226,29.5268,29.2512,4.0752,4.0222,239.4059,249.6445
L04-0251,L04,W03,6,46,11.3936,11.6158,25.0607,25.3983,3.8913,3.8523,284.8539,275.3373
L04-0252,L04,W01,40,55,14.0424,14.6041,20.6995,21.9316,3.8049,3.8743,237.5785,237.0412
L04-0253,L04,W03,27,26,18.2377,18.7183,16.7408,16.4922,4.099,4.0542,253.1807,252.0756
L04-0254,L04,W05,4,34,9.891,11.0487,25.7647,34.1592,3.9507,4.1039,296.6231,292.2072
L04-0255,L04,W01,2,53,9.2,9.8308,34.8526,36.5795,3.8282,3.9325,246.161,245.3071
L04-0256,L04,W05,7,2,13.8884,14.1447,28.2908,29.4515,3.9037,3.9638,258.3658,253.9436
L04-0257,L04,W03,8,38,19.6293,19.6868,15.7444,16.2207,4.1455,4.0562,252.6442,252.7241
L04-0258,L04,W05,13,18,14.9888,15.4233,24.9739,25.2662,3.9505,4.0207,230.7346,229.6659
L04-0259,L04,W05,16,57,8.666,8.6579,9.7198,10.2995,3.9377,3.9559,248.5793,244.4221
L04-0260,L04,W03,56,15,15.0713,15.5971,20.1496,20.1442,4.0151,3.927,270.3147,265.3922
L04-0261,L04,W02,21,58,17.8377,18.7883,14.5731,14.815,3.7661,3.808,243.1025,240.7831
L04-0262,L04,W04,26,7,10.3728,10.3423,27.9223,28.4419,3.8845,4.0022,269.2959,267.2658
L04-0263,L04,W04,22,57,24.1929,24.2954,24.2836,24.0393,3.7733,3.7742,283.1572,277.121
L04-0264,L04,W02,16,26,11.9447,12.0236,34.6967,36.0028,3.8578,3.8503,262.5354,261.0772
L04-0265,L04,W03,20,28,13.2231,13.2925,9.389,10.2104,4.0873,4.0249,242.7456,241.746
L04-0266,L04,W05,18,37,14.1634,13.9391,18.9486,19.0263,4.0771,4.0266,247.3524,255.9648
L04-0267,L04,W01,31,42,8.295,8.6742,35.3951,35.3755,3.6991,3.6986,267.0199,268.1114
L04-0268,L04,W03,26,40,14.0829,14.82,26.502,26.4304,3.9911,3.9692,239.0862,241.6793
L04-0269,L04,W04,35,13,16.2047,16.5692,31.2531,31.6126,3.6978,3.7517,280.0128,275.8075
L04-0270,L04,W02,38,15,15.8458,16.2081,29.3111,29.6331,3.8859,3.9356,256.9689,251.5473
L04-0271,L04,W05,13,18,9.06,9.5028,32.4713,32.1191,3.8198,3.8363,257.0153,261.4165
L04-0272,L04,W05,17,20,22.6406,23.4213,19.4056,19.476,3.9541,3.8898,259.9098,265.2825
L04-0273,L04,W04,0,30,14.686,14.9826,25.9841,27.6429,3.8893,3.9798,254.4309,253.2735
L04-0274,L04,W05,12,5,13.657,13.8457,37.1491,37.2915,4.0207,3.947,261.7825,260.7564
L04-0275,L04,W02,31,57,15.6363,15.5071,23.0839,23.7676,4.0044,4.0614,225.5268,235.956
L04-0276,L04,W01,22,26,12.9659,13.1682,29.8267,30.0748,3.6883,3.7655,255.5332,249.2067
L04-0277,L04,W03,58,31,15.2827,16.4644,24.5011,26.0062,3.8299,3.834,272.7831,270.0333
L04-0278,L04,W05,16,34,17.0698,17.5568,21.2358,21.1618,4.0047,4.0431,219.9407,216.1312
L04-0279,L04,W02,42,38,14.8949,15.5986,17.391,17.5134,3.8697,3.8036,264.0023,252.8234
L04-0280,L04,W03,47,42,13.8138,13.6315,14.3949,14.5377,3.9688,4.0203,306.8347,313.3072
L04-0281,L04,W05,28,5,12.9644,12.6848,19.1066,19.0494,3.6899,3.7809,253.6833,251.6955
L04-0282,L04,W01,5,55,9.4799,9.7687,27.4394,28.0876,3.8248,3.9243,260.5908,259.5976
L04-0283,L04,W01,58,26,17.474,16.9356,38.2388,38.8867,3.9184,3.9087,271.9181,278.4619
L04-0284,L04,W02,37,11,12.3532,12.3694,18.9296,19.0349,4.0118,3.9649,209.8517,213.848
L04-0285,L04,W05,36,41,8.515,8.89,34.6388,36.3158,4.0872,4.0021,260.1792,256.1682
L04-0286,L04,W01,9,52,13.667,14.0161,18.9686,19.2844,3.8887,3.738,250.8684,260.6341
L04-0287,L04,W02,3,39,19.5351,20.218,50.9525,50.694,3.7701,3.8031,231.5452,226.1814
L04-0288,L04,W03,41,44,10.5885,10.7142,26.3304,26.1684,4.0147,3.9202,259.3434,251.4636
L04-0289,L04,W01,57,17,10.858,10.7366,26.8962,28.2231,3.6506,3.7168,256.1039,256.327
L04-0290,L04,W01,48,6,19.4732,18.8121,51.3455,54.4598,4.0327,4.0884,257.9585,249.2984
L04-0291,L04,W02,8,41,17.3627,19.0041,15.365,16.0708,3.9897,3.9628,266.4755,253.2858
L04-0292,L04,W02,45,20,8.0271,8.4773,17.8106,18.5767,4.1306,4.0064,230.045,224.6189
L04-0293,L04,W01,54,32,8.8297,9.0642,20.1537,20.8084,4.0833,4.0413,254.0357,250.8119
L04-0294,L04,W05,7,52,12.6157,12.6644,26.008,26.8856,3.8485,3.9353,250.5209,251.4213
L04-0295,L04,W02,36,52,8.8022,8.7726,20.0198,21.0942,3.7003,3.8265,219.3481,212.7524
L04-0296,L04,W02,20,36,9.6661,10.9972,33.0879,37.6646,3.9454,4.0259,283.2744,282.3095
L04-0297,L04,W05,41,32,12.6574,12.6041,17.7155,18.3584,3.8003,3.7785,246.8046,239.1118
L04-0298,L04,W05,17,39,13.4686,13.5407,19.3159,18.7458,3.8585,3.9539,271.4107,273.3442
L04-0299,L04,W01,54,40,6.9555,6.931,19.1252,19.5372,3.7496,3.6997,251.157,253.353
L04-0300,L04,W02,36,6,9.5765,9.696,27.215,27.5351,3.7902,3.8865,246.4986,250.586
L04-0301,L04,W02,43,57,13.3667,13.6289,21.7348,22.2394,3.8185,3.8992,287.0354,286.8938
L04-0302,L04,W04,51,12,16.6423,16.1179,16.6567,16.6426,3.8809,3.7951,264.0816,255.6863
L04-0303,L04,W02,12,8,8.9979,9.1499,31.213,31.1478,4.0608,4.1253,251.9945,255.983
L04-0304,L04,W05,42,34,9.291,9.6876,21.515,24.2371,4.0569,4.02,271.2398,270.7583
L04-0305,L04,W03,15,57,7.5905,7.3519,30.9738,31.4366,3.7962,3.8707,290.8081,289.7189
L04-0306,L04,W01,21,40,16.7517,16.8941,28.2107,28.3322,3.9979,3.9881,221.5233,220.427
L04-0307,L04,W04,29,19,10.6897,11.222,22.8796,22.6795,4.0436,4.0613,267.1297,274.222
L04-0308,L04,W02,1,53,11.139,11.2939,19.9152,19.846,3.6968,3.8422,279.5607,278.9277
L04-0309,L04,W03,28,18,11.6706,12.3707,21.4552,22.5059,3.7864,3.7592,218.7482,212.1735
L04-0310,L04,W01,26,30,9.5977,9.5731,26.648,25.9486,3.7336,3.8199,254.2783,250.7332
L04-0311,L04,W04,9,20,12.6977,13.1611,14.1038,14.6253,3.8696,3.8825,251.7386,254.5491
L04-0312,L04,W02,49,36,12.6499,13.0865,36.8374,37.1549,3.7914,3.8787,231.8123,236.8727
L04-0313,L04,W04,30,25,17.2105,16.9187,22.9878,23.6962,3.782,3.8353,265.2032,269.3155
L04-0314,L04,W01,0,17,18.6894,19.1666,26.6053,25.9272,4.0378,3.982,277.9425,279.9879
L04-0315,L04,W04,8,47,16.6931,16.6282,28.6373,29.6078,3.925,3.9408,235.9685,237.4098
L04-0316,L04,W03,23,18,8.0582,8.3467,50.182,49.2627,3.8958,4.1029,277.7319,259.6457
L04-0317,L04,W05,42,43,20.0304,19.9887,46.8423,50.2781,3.8206,4.0165,239.0872,239.1496
L04-0318,L04,W04,49,55,12.6481,12.6094,30.9136,31.3349,3.9365,4.003,253.3873,251.5728
L04-0319,L04,W04,48,39,15.1435,15.1303,23.5931,22.8588,4.303,4.3206,242.262,249.6167
L04-0320,L04,W05,43,15,8.7982,9.4392,19.7805,22.7897,3.9948,4.0087,243.4295,252.4218
L04-0321,L04,W01,50,14,14.974,15.2963,15.3095,15.4267,3.907,3.815,254.0489,258.0195
L04-0322,L04,W02,48,15,8.318,8.556,34.1016,34.3658,4.0411,3.9389,294.2748,287.6254
L04-0323,L04,W01,7,8,13.0772,13.3052,18.9405,19.3674,3.9814,4.0536,251.2542,253.4367
L04-0324,L04,W02,40,36,15.0012,15.7655,38.3196,38.7128,3.6231,3.6333,292.8766,287.2431
L04-0325,L04,W02,58,55,23.4119,25.514,18.7066,18.8992,4.0374,4.0752,277.7228,278.3409
L04-0326,L04,W04,24,12,8.2614,8.7277,19.0369,19.6636,3.9212,4.0417,252.6277,248.9339
L04-0327,L04,W04,52,0,12.7384,13.318,13.3932,13.8324,3.9145,3.9531,232.8203,241.6183
L04-0328,L04,W03,0,19,12.8498,13.0497,19.875,20.4641,3.972,4.0144,259.0383,266.0603
L04-0329,L04,W01,2,39,15.3231,15.6136,22.3302,22.231,3.7779,3.7597,260.1008,255.3732
L04-0330,L04,W03,1,56,10.5476,10.8486,18.637,19.0824,3.8295,3.779,280.1407,288.3568
L04-0331,L04,W01,36,54,10.1975,10.2677,21.197,22.1516,4.1309,4.1169,243.5596,237.2356
L04-0332,L04,W03,8,7,13.9233,13.7255,20.1832,21.7532,3.9397,3.8607,264.8549,265.7265
L04-0333,L04,W04,59,0,10.4729,10.1174,25.6351,25.7403,3.7931,3.7496,241.7681,248.7188
L04-0334,L04,W05,36,49,13.5272,13.7345,17.0011,16.8676,3.8561,3.7796,255.641,257.6872
L04-0335,L04,W01,18,33,12.6642,13.2735,29.2154,29.0399,3.7928,3.8263,268.9544,258.5856
L04-0336,L04,W01,4,58,9.09,9.215,34.0096,35.0949,3.9503,3.9778,263.1013,262.3938
L04-0337,L04,W04,56,28,15.5314,16.1345,23.808,25.1147,3.8067,3.8629,247.0957,237.8953
L04-0338,L04,W04,19,46,9.0198,9.1271,23.9576,23.6124,3.8363,3.7974,260.3721,258.7294
L04-0339,L04,W01,14,33,12.3675,12.671,15.5973,15.7123,3.9461,3.9879,273.6651,273.2126
L04-0340,L04,W02,41,29,16.9494,17.267,18.4292,18.6192,3.6555,3.6083,246.6722,243.7892
L04-0341,L04,W05,40,15,11.9534,11.4669,7.7384,7.8005,3.8465,3.8771,290.0829,296.8943
L04-0342,L04,W05,26,23,8.9345,9.5907,13.9723,13.843,4.0093,4.2035,230.5074,235.1383
L04-0343,L04,W02,19,23,9.2263,9.6343,33.0836,34.77,3.9383,3.8787,241.2462,242.3779
L04-0344,L04,W01,39,50,8.5079,8.7403,29.1187,30.2082,3.9144,3.8923,236.2041,226.9324
L04-0345,L04,W03,35,5,9.2399,9.7028,37.4938,37.9616,3.9435,4.0988,280.7215,277.2313
L04-0346,L04,W02,13,5,17.5471,19.373,22.3807,22.8197,3.817,3.818,251.4402,263.8213
L04-0347,L04,W01,34,57,15.9411,15.763,47.7232,52.6062,4.0237,3.9901,276.2074,287.1012
L04-0348,L04,W01,27,29,21.9368,24.4758,23.9073,24.4501,3.9135,3.9349,244.7184,243.6084
L04-0349,L04,W03,0,34,10.5925,11.0301,24.2873,25.2597,4.0501,3.8918,240.624,249.0356
L04-0350,L04,W04,38,46,9.6203,9.8242,24.5921,24.9283,3.7736,3.8846,275.777,275.2552
